objName,stdId,stdFlavor,ra,dec,v,bv,u,g,r,i,z,ue,ge,re,ie,ze
ugrizJ000008.4-300100,1,0,0.035208,-30.016694,12.827,0.451,14.155,12.827,12.376,12.228,12.197,0.002,0.002,0.001,0.009,0.002
ugrizJ000029.2-600333,2,0,0.121833,-60.059389,13.059,0.268,14.104,13.059,12.791,12.729,12.741,0.004,0.001,0.002,0.002,0.004
ugrizJ000326.9-284523,3,0,0.862375,-28.7565,13.153,0.741,15.181,13.153,12.412,12.116,11.99,0.005,0.004,0.002,0.003,0.003
ugrizJ000338.0-284146,4,0,0.908625,-28.696278,12.26,0.479,13.625,12.26,11.781,11.633,11.59,0.005,0.002,0.002,0.003,0.003
JL_163-E,5,0,2.741667,-50.238083,13.842,0.492,15.275,13.842,13.35,13.2,13.154,0.005,0.002,0.002,0.004,0.004
Hilt31,6,0,7.0463,64.1311,11.583,0.587,12.582,11.583,10.996,10.702,10.555,0.003,0.001,0.001,0.001,0.002
T_Phe-E,7,0,7.582333,-46.409889,11.809,0.267,12.812,11.809,11.542,11.472,11.467,0.005,0.004,0.003,0.002,0.003
G158-100,8,0,8.477753646855572,-12.134171958333333,15.201,0.51,16.302,15.201,14.691,14.469,14.377,0.018,0.006,0.006,0.004,0.009
BD+71o31,9,0,10.939456604266027,72.17912992041667,10.351,0.26,11.247,10.351,10.091,10.012,10.005,0.002,0.002,0.001,0.002,0.003
20_39,10,1,11.392324332624714,45.613484318333334,9.83,0.47,9.36,9.36,9.36,9.36,9.36,0.0,0.0,0.0,0.0,0.0
20_297,11,1,11.466264861055839,45.89579385,8.82,0.06,8.88,8.88,8.88,8.88,8.88,0.0,0.0,0.0,0.0,0.0
20_456,12,1,11.802075291930667,46.182614298611114,9.61,0.06,9.55,9.55,9.55,9.55,9.55,0.0,0.0,0.0,0.0,0.0
92_322,13,0,13.4456,0.79307,12.893,0.331,14.036,12.893,12.562,12.469,12.449,0.013,0.003,0.002,0.003,0.011
ugrizJ005432.3-375155,14,0,13.634958,-37.865278,11.493,0.368,12.697,11.493,11.125,11.03,11.018,0.005,0.002,0.003,0.003,0.005
92_342,15,0,13.79122,0.7203,11.784,0.257,12.853,11.784,11.527,11.478,11.49,0.004,0.001,0.001,0.001,0.002
92_348,16,0,13.87267,0.74257,12.369,0.408,13.587,12.369,11.961,11.836,11.811,0.005,0.002,0.002,0.002,0.003
92_263,17,0,13.91402,0.60548,12.268,0.801,14.497,12.268,11.467,11.16,10.994,0.008,0.001,0.001,0.002,0.002
92_502,18,0,14.03399,1.07378,12.001,0.289,13.032,12.001,11.712,11.634,11.624,0.004,0.003,0.002,0.002,0.004
92_276,19,0,14.11093,0.69789,12.311,0.443,13.584,12.311,11.868,11.721,11.669,0.003,0.002,0.002,0.001,0.002
92_282,20,0,14.19489,0.64157,13.072,0.136,14.072,13.072,12.936,12.915,12.924,0.017,0.002,0.004,0.005,0.015
92_364,21,0,14.21754,0.73211,11.935,0.415,13.074,11.935,11.52,11.374,11.334,0.005,0.002,0.002,0.002,0.003
Yan005701+003449,22,0,14.25637,0.58031,13.022,0.725,15.104,13.022,12.297,12.033,11.904,0.007,0.003,0.002,0.002,0.003
92_288,23,0,14.32076,0.61355,12.011,0.661,13.779,12.011,11.35,11.117,11.019,0.012,0.005,0.002,0.002,0.005
ugrizJ011418.8-713656,24,0,18.578542,-71.615778,12.942,0.524,14.454,12.942,12.418,12.262,12.212,0.004,0.002,0.002,0.002,0.002
ugrizJ011507.1-713543,25,0,18.779583,-71.5955,15.108,0.447,16.364,15.108,14.661,14.506,14.455,0.005,0.004,0.004,0.002,0.003
E1_p,26,0,21.01925,-44.395,15.132,0.616,16.756,15.132,14.516,14.298,14.189,0.018,0.003,0.003,0.002,0.003
ugrizJ012429.8-443824,27,0,21.124375,-44.640083,12.752,0.45,14.025,12.752,12.302,12.158,12.113,0.003,0.002,0.001,0.001,0.002
E1_h,28,0,21.166417,-44.565389,14.158,0.499,15.611,14.158,13.659,13.509,13.455,0.005,0.004,0.003,0.004,0.005
E1_i,29,0,21.2,-44.64167,14.193,0.707,16.122,14.193,13.486,13.234,13.096,0.006,0.004,0.003,0.001,0.003
E1_49-V,30,0,21.2395,-44.640889,11.887,0.384,13.057,11.887,11.503,11.392,11.371,0.005,0.001,0.001,0.001,0.008
ugrizJ012504.3-443330,31,0,21.268,-44.558389,14.163,0.213,15.089,14.163,13.95,13.888,13.895,0.005,0.004,0.004,0.002,0.006
ugrizJ012520.5-443945,32,0,21.33575,-44.662583,14.665,0.41,15.833,14.665,14.255,14.109,14.05,0.003,0.004,0.004,0.003,0.003
GD279,33,1,28.01233776305333,47.00196281925,12.5,0.06,12.44,12.44,12.44,12.44,12.44,0.0,0.0,0.0,0.0,0.0
93_317,34,0,28.65715,0.71679,11.754,0.317,12.822,11.754,11.437,11.353,11.351,0.007,0.003,0.001,0.002,0.003
93_333,35,0,28.77126,0.76184,12.393,0.633,14.135,12.393,11.76,11.557,11.468,0.005,0.003,0.002,0.002,0.003
93_424,36,0,28.85952,0.94523,12.123,0.823,14.533,12.123,11.3,11.019,10.896,0.025,0.002,0.002,0.002,0.016
Yan015755+620034,37,0,29.48149,62.00966,12.413,0.489,13.33,12.413,11.924,11.574,11.28,0.019,0.007,0.006,0.004,0.002
Hilt190,38,0,29.60014438502574,61.89543778472222,11.523,0.64,12.426,11.523,10.883,10.565,10.341,0.003,0.002,0.002,0.002,0.002
Yan015840+615916,39,0,29.67006,61.98804,13.047,0.351,13.941,13.047,12.696,12.546,12.469,0.015,0.008,0.003,0.009,0.01
ugrizJ015938.6-600032,40,0,29.910958,-60.008889,13.027,0.408,14.291,13.027,12.619,12.503,12.483,0.003,0.002,0.002,0.002,0.003
ugrizJ015948.7-301039,41,0,29.953042,-30.1775,12.383,0.582,14.079,12.383,11.801,11.632,11.582,0.004,0.002,0.001,0.001,0.003
ugrizJ020018.0-300047,42,0,30.075042,-30.013083,12.681,0.41,13.889,12.681,12.271,12.142,12.11,0.005,0.002,0.002,0.001,0.002
LHS-0149,43,0,31.27726197226084,-17.61561768088889,10.947,1.335,13.694,10.947,9.612,8.441,7.901,0.023,0.005,0.005,0.003,0.004
LHS-0014,44,0,33.07945194925812,3.567181741361111,10.763,1.282,13.387,10.763,9.481,8.547,8.104,0.01,0.002,0.003,0.002,0.003
Hilt233,45,0,33.12487,59.90107,11.493,0.834,12.627,11.493,10.659,10.211,9.919,0.003,0.002,0.001,0.002,0.002
Feige22,46,0,37.56963979095936,5.264116013333333,12.691,-0.333,12.741,12.691,13.024,13.327,13.6,0.003,0.002,0.001,0.002,0.003
94_242,47,0,44.33841,0.31094,11.818,0.106,12.975,11.818,11.712,11.745,11.791,0.003,0.002,0.001,0.001,0.002
94_251,48,0,44.44559,0.26753,11.782,0.979,14.555,11.782,10.803,10.43,10.217,0.004,0.001,0.001,0.001,0.001
94_702,49,0,44.55576,1.18176,12.275,1.159,15.464,12.275,11.116,10.657,10.394,0.009,0.002,0.002,0.001,0.002
Ross374,50,0,51.750434394926494,23.775059654222222,11.031,0.385,12.058,11.031,10.646,10.505,10.455,0.003,0.002,0.002,0.002,0.002
Ross34,51,0,52.228065467315176,37.3773499455,11.759,1.229,14.339,11.759,10.53,10.0,9.729,0.007,0.002,0.001,0.001,0.002
ugrizJ033250.4-274833,52,0,53.210042,-27.809194,14.279,0.433,15.598,14.279,13.846,13.705,13.655,0.005,0.002,0.002,0.002,0.002
23_15,53,0,56.02138,45.10083,10.787,0.161,12.104,10.787,10.626,10.63,10.655,0.004,0.002,0.002,0.003,0.004
23_57,54,0,56.2473,45.06345,11.269,1.61,15.07,11.269,9.659,8.541,7.939,0.019,0.004,0.003,0.004,0.004
23_264,55,0,56.26883,45.29705,10.858,0.858,13.264,10.858,10.0,9.684,9.51,0.003,0.002,0.002,0.002,0.002
GD50,56,1,57.20886150598633,-0.9758029083333333,13.738,-0.535,13.372,13.738,14.273,14.628,14.98,0.003,0.003,0.004,0.004,0.005
95_96,57,0,58.225874132778046,0.005071901111111111,10.001,-0.07,11.143,10.001,10.071,10.194,10.245,0.003,0.002,0.002,0.001,0.001
95_190,58,0,58.30504,0.273,12.719,0.126,14.019,12.719,12.593,12.591,12.548,0.003,0.002,0.002,0.002,0.003
95_193,59,0,58.33561,0.27635,14.941,1.097,17.43,14.941,13.844,13.437,13.223,0.016,0.005,0.004,0.003,0.005
95_43,60,0,58.45244,-0.05057,11.02,0.342,12.136,11.02,10.678,10.569,10.535,0.003,0.003,0.003,0.003,0.004
Hilt404,61,0,58.497879732997234,53.21589950555556,11.471,0.656,12.505,11.471,10.815,10.473,10.223,0.004,0.002,0.002,0.002,0.003
95_218,62,0,58.70811,0.16879,12.401,0.5,13.843,12.401,11.901,11.734,11.676,0.007,0.002,0.001,0.003,0.005
95_132,63,0,58.71513,0.0893,12.246,0.252,13.727,12.246,11.994,11.916,11.863,0.006,0.004,0.003,0.002,0.005
95_139,64,0,58.76951,0.05239,12.63,0.754,14.662,12.63,11.876,11.607,11.485,0.005,0.004,0.002,0.001,0.002
95_142,65,0,58.7891,0.02215,13.197,0.422,14.469,13.197,12.775,12.612,12.524,0.01,0.004,0.005,0.005,0.007
95_68,66,0,58.81654,-0.137,13.164,0.549,14.427,13.164,12.615,12.364,12.224,0.004,0.003,0.003,0.002,0.005
95_73,67,0,58.87939,-0.17523,12.627,0.541,14.026,12.627,12.086,11.858,11.742,0.008,0.006,0.002,0.005,0.007
95_74,68,0,58.87972,-0.15405,12.062,0.878,14.176,12.062,11.184,10.828,10.621,0.016,0.002,0.003,0.003,0.003
95_231,69,0,58.91158,0.17883,14.404,0.28,15.81,14.404,14.124,14.033,13.984,0.007,0.004,0.005,0.007,0.008
95_149,70,0,58.93502,0.11739,11.701,1.326,14.882,11.701,10.375,9.75,9.379,0.012,0.004,0.004,0.005,0.005
95_236,71,0,59.05545,0.14609,11.826,0.539,13.24,11.826,11.287,11.091,11.007,0.006,0.003,0.003,0.004,0.005
ugrizJ035936.8-600439,72,0,59.903625,-60.077694,12.303,0.782,14.443,12.303,11.521,11.208,11.062,0.005,0.003,0.003,0.004,0.003
ugrizJ035938.8-600033,73,0,59.912,-60.009278,13.463,0.432,14.678,13.463,13.031,12.882,12.841,0.004,0.003,0.003,0.002,0.002
ugrizJ035945.0-300525,74,0,59.937708,-30.090278,11.601,0.758,13.912,11.601,10.843,10.585,10.468,0.004,0.002,0.003,0.004,0.003
ugrizJ040004.1-300521,75,0,60.017333,-30.089389,12.82,0.591,14.471,12.82,12.229,12.021,11.951,0.004,0.002,0.002,0.003,0.002
ugrizJ040023.8-595709,76,0,60.099417,-59.9525,13.154,0.703,15.082,13.154,12.451,12.181,12.045,0.004,0.002,0.002,0.002,0.001
ugrizJ040048.1-600538,77,0,60.200583,-60.093889,14.295,0.249,15.384,14.295,14.046,13.996,14.009,0.003,0.003,0.003,0.003,0.005
ugrizJ040051.6-600824,78,0,60.215,-60.140083,13.046,0.522,14.487,13.046,12.524,12.314,12.24,0.002,0.003,0.003,0.003,0.001
ugrizJ040107.8-600540,79,0,60.282583,-60.094583,13.127,0.327,14.248,13.127,12.8,12.693,12.683,0.003,0.003,0.002,0.002,0.002
ugrizJ040113.2-600418,80,0,60.30525,-60.071694,12.721,0.35,13.811,12.721,12.371,12.241,12.218,0.005,0.002,0.002,0.002,0.003
ugrizJ040228.4-445226,81,0,60.618667,-44.874,13.685,0.419,14.954,13.685,13.266,13.128,13.114,0.003,0.003,0.002,0.003,0.004
E2_o,82,0,60.63271,-44.78564,14.34,0.386,15.544,14.34,13.954,13.851,13.838,0.006,0.002,0.002,0.002,0.002
E2_s,83,0,60.65217,-44.79953,14.927,0.511,16.478,14.927,14.416,14.293,14.26,0.013,0.002,0.002,0.002,0.003
E2_m,84,0,60.67025,-44.752389,13.469,0.605,15.254,13.469,12.864,12.698,12.637,0.004,0.002,0.002,0.002,0.003
E2_I,85,0,60.68483,-44.79394,16.146,0.683,18.111,16.146,15.463,15.249,15.143,0.02,0.005,0.005,0.008,0.006
E2_t,86,0,60.706,-44.757778,15.445,0.422,16.617,15.445,15.023,14.897,14.858,0.005,0.003,0.003,0.004,0.006
ugrizJ040249.5-444557,87,0,60.706625,-44.765889,14.585,0.43,15.82,14.585,14.155,14.02,13.984,0.004,0.003,0.003,0.002,0.004
ugrizJ040305.8-445147,88,0,60.774375,-44.863278,13.717,0.402,14.954,13.717,13.315,13.194,13.172,0.003,0.002,0.002,0.002,0.002
E2_l,89,0,60.84012,-44.75528,13.257,0.432,14.531,13.257,12.825,12.685,12.639,0.007,0.002,0.001,0.002,0.002
ugrizJ040323.1-444328,90,0,60.846583,-44.7245,14.13,0.437,15.354,14.13,13.693,13.507,13.421,0.004,0.003,0.001,0.002,0.003
BD+21o607,91,0,63.65029007216624,22.3497218025,9.395,0.281,10.289,9.395,9.114,9.025,9.017,0.002,0.001,0.001,0.001,0.001
BD-21o910,92,0,68.31737169582313,-21.136109988444446,10.082,0.474,11.446,10.082,9.608,9.465,9.429,0.006,0.002,0.002,0.002,0.003
ugrizJ044604.9-835718,93,0,71.520542,-83.955,14.638,0.497,15.964,14.638,14.141,13.936,13.83,0.009,0.004,0.004,0.004,0.007
ugrizJ044817.5-840132,94,0,72.073,-84.025778,13.247,0.499,14.582,13.247,12.748,12.564,12.466,0.004,0.002,0.002,0.003,0.006
96_36,95,0,72.9263281802901,-0.1692859361111111,10.641,0.027,11.837,10.641,10.614,10.693,10.765,0.004,0.002,0.002,0.002,0.002
96_737,96,0,73.14713,0.37523,12.374,1.099,15.144,12.374,11.275,10.783,10.512,0.009,0.003,0.003,0.003,0.003
96_83,97,0,73.24488,-0.24474,11.739,-0.054,12.976,11.739,11.793,11.903,11.951,0.007,0.002,0.003,0.002,0.003
96_235,98,0,73.32838,-0.08351,11.634,0.814,13.942,11.634,10.82,10.532,10.371,0.007,0.001,0.001,0.001,0.002
ugrizJ051928.0-485735,99,0,79.86675,-48.959889,12.14,0.412,13.312,12.14,11.728,11.593,11.56,0.002,0.003,0.002,0.004,0.002
ugrizJ051944.4-485737,100,0,79.935,-48.9605,13.818,0.442,15.127,13.818,13.376,13.251,13.214,0.003,0.002,0.002,0.001,0.002
ugrizJ051949.7-485934,101,0,79.957083,-48.992889,12.554,0.578,14.288,12.554,11.976,11.823,11.765,0.003,0.002,0.002,0.001,0.001
ugrizJ051956.5-490417,102,0,79.98575,-49.0715,11.897,0.27,12.921,11.897,11.627,11.564,11.576,0.002,0.001,0.002,0.002,0.002
ugrizJ051957.1-490625,103,0,79.987917,-49.107,13.115,0.392,14.331,13.115,12.723,12.601,12.588,0.002,0.002,0.002,0.002,0.002
ugrizJ052015.2-490229,104,0,80.0635,-49.041389,11.103,0.068,12.245,11.103,11.035,11.101,11.17,0.002,0.004,0.003,0.003,0.004
ugrizJ052020.8-485509,105,0,80.086667,-48.919194,12.871,0.343,13.991,12.871,12.528,12.428,12.416,0.002,0.003,0.002,0.001,0.002
ugrizJ052029.6-485828,106,0,80.123417,-48.974583,13.712,0.641,15.554,13.712,13.071,12.864,12.774,0.003,0.002,0.002,0.002,0.002
Ross49,107,0,86.23735634810528,9.238235591111112,11.63,0.467,12.76,11.63,11.163,11.001,10.952,0.004,0.002,0.001,0.001,0.002
97_249,108,0,89.28139,0.01972,12.018,0.451,13.335,12.018,11.567,11.426,11.388,0.005,0.002,0.001,0.001,0.002
97_252,109,0,89.29144,0.04416,12.012,0.401,13.241,12.012,11.611,11.497,11.461,0.003,0.001,0.002,0.001,0.011
97_345,110,0,89.38814,0.35445,12.429,1.424,15.826,12.429,11.005,10.365,9.939,0.01,0.003,0.002,0.002,0.002
97_351,111,0,89.40534,0.22875575694444444,9.821,0.008,10.951,9.821,9.813,9.887,9.909,0.003,0.003,0.002,0.002,0.002
97_75,112,0,89.47949,-0.15802,12.401,1.618,16.279,12.401,10.783,10.027,9.536,0.017,0.003,0.002,0.002,0.004
97_284,113,0,89.6043,0.08702,11.454,1.155,14.095,11.454,10.299,9.778,9.458,0.008,0.001,0.002,0.002,0.003
97_288,114,0,89.62533,0.1112,11.119,0.401,12.45,11.119,10.718,10.612,10.599,0.003,0.001,0.002,0.002,0.003
ugrizJ055904.8-595721,115,0,89.770292,-59.956083,12.839,0.358,13.921,12.839,12.481,12.361,12.349,0.004,0.003,0.002,0.003,0.003
ugrizJ055907.8-595617,116,0,89.782667,-59.938278,13.408,0.405,14.546,13.408,13.003,12.864,12.834,0.004,0.003,0.002,0.002,0.002
ugrizJ055910.8-595332,117,0,89.795375,-59.892278,12.065,0.604,13.887,12.065,11.461,11.296,11.235,0.002,0.002,0.003,0.002,0.002
ugrizJ055929.9-300500,118,0,89.874667,-30.0835,13.174,0.314,14.328,13.174,12.86,12.748,12.763,0.005,0.003,0.002,0.003,0.004
ugrizJ055935.9-300114,119,0,89.899875,-30.020583,13.202,0.411,14.478,13.202,12.791,12.674,12.665,0.003,0.002,0.002,0.002,0.002
ugrizJ055939.0-594936,120,0,89.91275,-59.826694,10.261,0.192,11.366,10.261,10.069,10.031,10.064,0.002,0.002,0.003,0.003,0.003
ugrizJ055940.7-300503,121,0,89.919875,-30.084194,13.411,0.441,14.722,13.411,12.97,12.835,12.814,0.005,0.002,0.002,0.002,0.002
ugrizJ055951.6-300545,122,0,89.965125,-30.096,13.396,0.44,14.743,13.396,12.956,12.828,12.813,0.002,0.002,0.002,0.002,0.002
ugrizJ055953.3-595221,123,0,89.972417,-59.872694,13.864,0.524,15.405,13.864,13.34,13.181,13.122,0.004,0.002,0.002,0.002,0.002
ugrizJ055953.7-300035,124,0,89.974083,-30.009778,11.364,0.237,12.411,11.364,11.127,11.091,11.113,0.001,0.001,0.002,0.002,0.001
ugrizJ055953.7-300222,125,0,89.974125,-30.039583,13.899,0.31,15.018,13.899,13.589,13.514,13.515,0.004,0.002,0.002,0.002,0.003
ugrizJ055954.0-295715,126,0,89.975375,-29.954389,12.13,0.467,13.448,12.13,11.663,11.525,11.48,0.002,0.002,0.001,0.002,0.002
ugrizJ060002.1-295752,127,0,90.008958,-29.9645,14.099,0.416,15.26,14.099,13.683,13.547,13.499,0.003,0.003,0.002,0.002,0.002
ugrizJ060009.3-595003,128,0,90.038917,-59.834389,13.35,0.411,14.649,13.35,12.939,12.808,12.78,0.003,0.002,0.002,0.002,0.002
ugrizJ060012.7-295516,129,0,90.053167,-29.921194,13.476,0.381,14.708,13.476,13.095,12.984,12.961,0.003,0.002,0.002,0.001,0.002
ugrizJ060016.8-295911,130,0,90.070167,-29.986583,12.254,0.211,13.292,12.254,12.043,12.016,12.043,0.002,0.002,0.002,0.002,0.001
ugrizJ060022.2-295930,131,0,90.092875,-29.991778,12.469,0.337,13.612,12.469,12.132,12.033,12.017,0.002,0.001,0.002,0.001,0.001
ugrizJ060023.5-300314,132,0,90.09825,-30.053889,12.776,0.431,14.093,12.776,12.345,12.219,12.192,0.002,0.002,0.002,0.001,0.001
ugrizJ060026.7-300348,133,0,90.111625,-30.0635,13.738,0.274,14.786,13.738,13.464,13.38,13.384,0.004,0.003,0.002,0.002,0.003
ugrizJ060037.2-595951,134,0,90.155375,-59.9975,11.416,0.815,13.774,11.416,10.601,10.3,10.139,0.004,0.004,0.003,0.003,0.003
Hilt566,135,0,98.04038,3.57903,11.46,0.673,12.585,11.46,10.787,10.446,10.235,0.003,0.002,0.002,0.002,0.002
LHS-1858,136,0,99.29109819547462,17.566251662,10.381,1.374,13.144,10.381,9.007,8.271,7.906,0.004,0.002,0.002,0.002,0.002
E3_33-T,137,0,100.60563,-45.15344,10.584,0.88,13.217,10.584,9.704,9.408,9.228,0.007,0.006,0.006,0.006,0.005
ugrizJ064233.7-451120,138,0,100.640792,-45.189083,12.912,0.466,14.231,12.912,12.446,12.3,12.255,0.004,0.003,0.003,0.002,0.003
ugrizJ064234.0-451123,139,0,100.64175,-45.189778,12.907,0.466,14.225,12.907,12.441,12.295,12.249,0.004,0.002,0.003,0.002,0.002
E3_e,140,0,100.6515,-45.151889,13.105,0.401,14.32,13.105,12.704,12.581,12.547,0.004,0.003,0.002,0.002,0.003
ugrizJ064239.7-451417,141,0,100.66575,-45.238194,12.407,0.356,13.582,12.407,12.051,11.96,11.954,0.003,0.003,0.002,0.002,0.002
ugrizJ064242.8-451346,142,0,100.678542,-45.2295,13.609,0.474,15.029,13.609,13.135,12.99,12.949,0.005,0.004,0.002,0.002,0.003
E3_o,143,0,100.69404,-45.17947,15.056,0.373,16.185,15.056,14.683,14.576,14.539,0.015,0.007,0.009,0.005,0.006
E3_k,144,0,100.72783,-45.14297,14.339,0.395,15.498,14.339,13.944,13.819,13.778,0.037,0.004,0.004,0.003,0.005
ugrizJ064256.8-451515,145,0,100.736667,-45.254194,13.076,0.302,14.162,13.076,12.774,12.684,12.683,0.004,0.003,0.003,0.002,0.004
26_234,146,0,100.78058,44.84271,9.593,0.379,10.932,9.593,9.214,9.103,9.082,0.002,0.007,0.001,0.001,0.001
E3_55-R,147,0,100.80875,-45.241778,10.594,-0.184,11.616,10.594,10.778,10.959,11.082,0.003,0.003,0.004,0.002,0.002
E3_59-X,148,0,100.836625,-45.215889,11.494,0.238,12.498,11.494,11.256,11.191,11.203,0.003,0.002,0.002,0.002,0.003
ugrizJ064329.9-451638,149,0,100.874625,-45.277278,13.441,0.408,14.658,13.441,13.033,12.884,12.85,0.005,0.003,0.007,0.003,0.008
26_60,150,0,100.92402,44.51271,9.525,-0.079,10.76,9.525,9.604,9.749,9.803,0.002,0.002,0.001,0.001,0.001
26_172,151,0,101.13236,44.56844,9.651,0.043,10.864,9.651,9.608,9.67,9.726,0.002,0.001,0.001,0.001,0.002
98_978,152,0,102.89046378635037,-0.19243828416666667,10.821,0.407,12.098,10.821,10.414,10.308,10.295,0.005,0.002,0.001,0.002,0.003
98_185,153,0,103.00772983098642,-0.45613641250000003,10.573,-0.037,11.726,10.573,10.61,10.703,10.76,0.007,0.004,0.003,0.003,0.006
98_193,154,0,103.01385187836107,-0.45537416000000003,10.579,0.903,13.292,10.579,9.676,9.349,9.159,0.009,0.002,0.002,0.002,0.003
98_653,155,0,103.02032016909807,-0.3053378841666667,9.443,-0.212,10.286,9.443,9.655,9.858,9.972,0.005,0.002,0.002,0.001,0.002
98_685,156,0,103.07679,-0.3389,12.144,0.287,13.362,12.144,11.857,11.787,11.788,0.01,0.002,0.003,0.002,0.004
Yan072400-003248,157,0,111.00298,-0.54693,13.273,0.298,14.47,13.273,12.975,12.897,12.889,0.004,0.003,0.002,0.002,0.002
Yan072404-003024,158,0,111.0179,-0.50677,13.297,0.789,15.431,13.297,12.508,12.192,12.028,0.007,0.003,0.001,0.002,0.002
Yan072405-003207,159,0,111.02302,-0.53553,13.896,0.354,15.068,13.896,13.542,13.417,13.387,0.007,0.004,0.002,0.002,0.004
Yan072410-002810,160,0,111.04215,-0.46955,13.175,0.379,14.374,13.175,12.796,12.68,12.654,0.009,0.002,0.001,0.002,0.002
Ru149G,161,0,111.04935,-0.53308,13.033,0.358,14.228,13.033,12.675,12.563,12.544,0.004,0.002,0.001,0.002,0.002
Ru149F,162,0,111.05833,-0.52767,13.986,0.867,16.455,13.986,13.119,12.802,12.636,0.013,0.002,0.002,0.001,0.002
Ru149D,163,0,111.06395,-0.54703,11.388,-0.213,12.04,11.388,11.601,11.804,11.94,0.003,0.001,0.001,0.001,0.001
Ru149B,164,0,111.073,-0.5519,12.934,0.46,14.319,12.934,12.474,12.333,12.3,0.006,0.002,0.001,0.001,0.002
Yan072417-002943,165,0,111.07474,-0.49544,12.765,0.771,14.821,12.765,11.994,11.687,11.523,0.005,0.002,0.001,0.001,0.002
Yan072426-002837,166,0,111.11162,-0.47719,13.24,0.42,14.751,13.24,12.82,12.71,12.677,0.006,0.003,0.002,0.003,0.004
Yan072436-003441,167,0,111.15381,-0.57813,10.837,-0.141,11.934,10.837,10.978,11.142,11.25,0.003,0.002,0.001,0.001,0.002
LHS-0033,168,0,111.85442421751115,5.210447600694444,10.617,1.331,13.456,10.617,9.286,7.809,7.114,0.005,0.002,0.002,0.004,0.004
Ru152,169,0,112.49324,-2.11066,12.833,-0.355,12.57,12.833,13.188,13.477,13.729,0.004,0.003,0.002,0.005,0.005
99_438,170,0,118.97585045700488,-0.2803164977777778,9.221,-0.348,9.357,9.221,9.569,9.862,10.082,0.005,0.004,0.002,0.002,0.002
99_447,171,0,119.02748596386215,-0.34546572000000003,9.285,-0.287,10.019,9.285,9.572,9.817,9.978,0.004,0.003,0.003,0.002,0.002
ugrizJ075854.3-595807,172,0,119.726292,-59.968778,13.482,0.341,14.623,13.482,13.141,13.028,13.023,0.004,0.004,0.001,0.002,0.002
ugrizJ075908.4-595014,173,0,119.785375,-59.837278,10.714,0.034,11.943,10.714,10.68,10.745,10.806,0.003,0.001,0.002,0.002,0.001
ugrizJ075918.1-595533,174,0,119.825542,-59.925889,12.35,0.815,14.536,12.35,11.535,11.231,11.066,0.004,0.002,0.002,0.001,0.002
ugrizJ075930.3-300319,175,0,119.876625,-30.055389,13.139,0.222,14.395,13.139,12.917,12.863,12.887,0.005,0.002,0.003,0.003,0.003
ugrizJ075937.9-295845,176,0,119.90825,-29.979194,13.622,0.014,14.785,13.622,13.608,13.659,13.666,0.004,0.002,0.002,0.002,0.004
ugrizJ075938.2-300533,177,0,119.909417,-30.0925,12.577,0.357,13.761,12.577,12.22,12.102,12.1,0.003,0.003,0.002,0.002,0.003
ugrizJ075938.7-300601,178,0,119.911625,-30.100389,13.923,0.191,15.142,13.923,13.732,13.698,13.745,0.004,0.003,0.002,0.003,0.004
ugrizJ075939.2-600057,179,0,119.913625,-60.016,13.648,0.37,14.86,13.648,13.278,13.157,13.127,0.004,0.002,0.001,0.002,0.002
ugrizJ075940.0-300511,180,0,119.916667,-30.0865,13.841,0.093,15.031,13.841,13.748,13.749,13.76,0.005,0.003,0.001,0.003,0.003
ugrizJ075941.4-300234,181,0,119.922625,-30.043,12.858,0.261,13.979,12.858,12.597,12.543,12.56,0.003,0.002,0.001,0.002,0.002
ugrizJ075943.5-595820,182,0,119.931375,-59.972389,14.208,0.609,15.745,14.208,13.599,13.361,13.246,0.004,0.003,0.001,0.002,0.002
ugrizJ075945.6-295438,183,0,119.940375,-29.910583,13.258,0.321,14.617,13.258,12.937,12.835,12.794,0.004,0.002,0.001,0.001,0.002
ugrizJ075946.2-295342,184,0,119.942792,-29.895083,13.313,0.002,14.557,13.313,13.311,13.361,13.407,0.005,0.002,0.001,0.003,0.004
ugrizJ075947.3-295945,185,0,119.947417,-29.996083,13.652,0.229,14.989,13.652,13.423,13.348,13.242,0.003,0.002,0.002,0.002,0.002
ugrizJ075950.2-300545,186,0,119.95925,-30.096083,11.803,0.052,12.991,11.803,11.751,11.8,11.866,0.002,0.003,0.002,0.002,0.002
ugrizJ075952.6-300201,187,0,119.969333,-30.033694,13.401,0.446,14.705,13.401,12.955,12.801,12.742,0.003,0.002,0.002,0.002,0.002
ugrizJ075953.9-295429,188,0,119.974875,-29.908194,14.291,0.001,15.508,14.291,14.29,14.351,14.384,0.005,0.003,0.002,0.003,0.004
ugrizJ075957.8-295954,189,0,119.991083,-29.998389,13.149,0.667,14.973,13.149,12.482,12.199,12.027,0.005,0.003,0.002,0.001,0.002
ugrizJ075958.0-295518,190,0,119.992042,-29.921694,11.27,0.334,12.46,11.27,10.936,10.849,10.838,0.002,0.002,0.002,0.002,0.002
ugrizJ075958.7-300550,191,0,119.994625,-30.097389,10.392,-0.085,11.266,10.392,10.477,10.588,10.644,0.003,0.002,0.002,0.003,0.003
ugrizJ075959.4-300439,192,0,119.997792,-30.077694,13.851,0.403,15.071,13.851,13.448,13.326,13.301,0.004,0.002,0.002,0.002,0.003
ugrizJ080000.9-300157,193,0,120.003958,-30.0325,12.319,-0.089,13.404,12.319,12.408,12.534,12.593,0.002,0.001,0.002,0.001,0.002
ugrizJ080004.0-300248,194,0,120.016917,-30.046778,12.536,0.419,13.841,12.536,12.117,12.01,11.983,0.003,0.002,0.002,0.001,0.002
ugrizJ080004.8-595521,195,0,120.020167,-59.922694,13.325,0.109,14.578,13.325,13.216,13.231,13.249,0.003,0.003,0.002,0.002,0.002
ugrizJ080005.6-295812,196,0,120.0235,-29.970083,13.242,0.112,14.547,13.242,13.13,13.143,13.156,0.004,0.002,0.001,0.002,0.002
ugrizJ080007.1-295709,197,0,120.029583,-29.9525,13.413,0.553,14.857,13.413,12.86,12.655,12.559,0.003,0.002,0.002,0.001,0.002
ugrizJ080009.8-300619,198,0,120.041083,-30.105278,13.978,0.484,15.283,13.978,13.494,13.313,13.261,0.005,0.003,0.003,0.002,0.003
ugrizJ080009.9-595058,199,0,120.041625,-59.8495,13.842,0.429,15.125,13.842,13.413,13.266,13.207,0.005,0.002,0.002,0.001,0.003
ugrizJ080010.7-300548,200,0,120.044792,-30.096778,14.098,0.365,15.294,14.098,13.733,13.614,13.592,0.004,0.003,0.002,0.002,0.004
ugrizJ080012.2-595726,201,0,120.051167,-59.957389,11.736,0.441,13.048,11.736,11.295,11.163,11.116,0.002,0.002,0.002,0.002,0.002
ugrizJ080019.0-594953,202,0,120.079542,-59.831389,12.503,0.309,13.682,12.503,12.194,12.104,12.086,0.003,0.003,0.002,0.001,0.002
ugrizJ080019.5-595308,203,0,120.081333,-59.885778,13.867,0.415,15.126,13.867,13.452,13.303,13.239,0.005,0.002,0.002,0.002,0.002
ugrizJ080020.2-300212,204,0,120.084167,-30.036889,13.439,0.329,14.605,13.439,13.11,13.014,13.003,0.004,0.003,0.001,0.001,0.002
ugrizJ080024.3-295415,205,0,120.101625,-29.904194,13.536,0.046,14.476,13.536,13.49,13.5,13.512,0.004,0.003,0.002,0.002,0.003
ugrizJ080024.8-295804,206,0,120.103583,-29.968,10.924,0.277,12.009,10.924,10.647,10.561,10.558,0.002,0.002,0.002,0.003,0.002
ugrizJ080028.0-295533,207,0,120.117,-29.926083,13.306,0.166,14.615,13.306,13.14,13.095,13.091,0.004,0.003,0.003,0.003,0.004
BD+75o325,208,0,122.70572411633474,74.96607584236111,9.272,-0.514,8.764,9.272,9.786,10.168,10.491,0.004,0.003,0.002,0.002,0.004
BD+8o2015,209,0,123.9222200673707,7.617436377777778,10.691,0.497,12.084,10.691,10.194,10.021,9.956,0.005,0.002,0.002,0.001,0.003
BD+54o1216,210,0,124.84369808336568,54.08324008536111,9.886,0.3,10.776,9.886,9.586,9.479,9.469,0.004,0.002,0.001,0.002,0.003
ugrizJ083116.2-533716,211,0,127.817667,-53.621194,13.999,0.505,15.296,13.999,13.494,13.294,13.209,0.004,0.002,0.003,0.004,0.005
ugrizJ083119.1-533956,212,0,127.82975,-53.665583,13.137,0.446,14.44,13.137,12.691,12.532,12.469,0.004,0.003,0.003,0.002,0.003
ugrizJ083123.6-533710,213,0,127.848667,-53.6195,11.826,0.052,13.119,11.826,11.774,11.806,11.795,0.005,0.003,0.002,0.002,0.003
ugrizJ083126.6-534509,214,0,127.861208,-53.752583,13.345,0.391,14.496,13.345,12.954,12.815,12.776,0.004,0.002,0.002,0.002,0.002
ugrizJ083127.9-534230,215,0,127.866625,-53.7085,14.228,0.375,15.408,14.228,13.853,13.719,13.668,0.005,0.002,0.002,0.002,0.002
ugrizJ083141.0-533513,216,0,127.920833,-53.587,12.903,0.38,14.162,12.903,12.523,12.378,12.324,0.005,0.002,0.003,0.002,0.003
WD_0830-535-I,217,0,127.940583,-53.6265,13.405,0.413,14.609,13.405,12.992,12.84,12.78,0.005,0.002,0.002,0.002,0.003
WD_0830-535-C,218,0,127.96,-53.730889,13.799,0.47,15.118,13.799,13.329,13.168,13.104,0.005,0.004,0.002,0.001,0.003
ugrizJ083155.7-533752,219,0,127.982458,-53.631194,14.629,0.315,15.953,14.629,14.314,14.229,14.193,0.005,0.002,0.004,0.004,0.006
ugrizJ083200.9-533847,220,0,128.004125,-53.646389,15.023,0.534,16.389,15.023,14.489,14.284,14.176,0.004,0.002,0.002,0.004,0.006
WD_0830-535-H,221,0,128.015792,-53.630583,13.028,0.407,14.321,13.028,12.621,12.475,12.402,0.005,0.002,0.003,0.002,0.002
WD_0830-535-D,222,0,128.020625,-53.7375,12.807,0.352,13.959,12.807,12.455,12.34,12.305,0.003,0.002,0.003,0.002,0.003
ugrizJ083206.2-533451,223,0,128.025958,-53.581083,13.309,0.471,14.61,13.309,12.838,12.641,12.55,0.004,0.003,0.004,0.003,0.003
ugrizJ083211.0-534559,224,0,128.046125,-53.7665,14.857,0.447,16.095,14.857,14.41,14.238,14.168,0.005,0.002,0.003,0.004,0.004
WD_0830-535-E,225,0,128.046292,-53.699583,13.572,0.594,15.016,13.572,12.978,12.732,12.6,0.005,0.002,0.003,0.002,0.003
ugrizJ083225.6-533742,226,0,128.106667,-53.628583,13.941,0.201,15.303,13.941,13.74,13.691,13.65,0.004,0.004,0.003,0.003,0.005
ugrizJ083226.8-533618,227,0,128.112,-53.605,14.225,0.562,15.751,14.225,13.663,13.442,13.337,0.005,0.004,0.004,0.003,0.004
ugrizJ083228.5-534154,228,0,128.118833,-53.6985,13.588,0.938,16.053,13.588,12.65,12.246,12.004,0.005,0.004,0.002,0.004,0.004
ugrizJ083228.8-534307,229,0,128.120208,-53.718694,14.643,0.49,15.93,14.643,14.153,13.934,13.844,0.004,0.006,0.006,0.004,0.007
GCRV5757,230,0,131.02062782621164,36.243184308416666,11.206,0.403,12.206,11.206,10.803,10.651,10.603,0.004,0.002,0.001,0.002,0.002
BD+25o1981,231,0,131.10234610206754,24.795022277694443,9.414,0.144,10.339,9.414,9.27,9.256,9.293,0.003,0.002,0.002,0.002,0.003
Yan084432+244359,232,0,131.13554,24.73316,11.229,0.215,12.299,11.229,11.014,10.982,11.013,0.003,0.003,0.002,0.002,0.003
Ross683,233,0,132.61305,7.62412,11.61,0.58,12.985,11.61,11.03,10.805,10.714,0.012,0.004,0.003,0.001,0.012
100_241,234,0,133.14157192839562,-0.6636980308333333,10.136,-0.068,11.301,10.136,10.204,10.332,10.429,0.004,0.003,0.003,0.002,0.003
100_272,235,0,133.36129,-0.65526,12.397,0.541,14.067,12.397,11.856,11.697,11.637,0.004,0.005,0.002,0.001,0.002
100_280,236,0,133.39758,-0.61142,11.997,0.308,13.14,11.997,11.689,11.605,11.602,0.006,0.002,0.002,0.002,0.003
100_394,237,0,133.47694,-0.53945,11.988,1.056,14.967,11.988,10.932,10.513,10.276,0.015,0.002,0.001,0.001,0.001
GCRV5951,238,0,136.31949227034536,38.79632234794445,11.82,0.346,12.674,11.82,11.474,11.339,11.31,0.002,0.003,0.002,0.002,0.004
PG0918+029D,239,0,140.34125,2.79107,12.754,0.817,14.981,12.754,11.937,11.613,11.447,0.01,0.002,0.002,0.002,0.003
E4_n,240,0,140.85058,-45.40308,15.355,0.695,16.97,15.355,14.66,14.396,14.252,0.024,0.006,0.006,0.005,0.009
E4_d,241,0,140.86,-45.414778,12.876,0.486,14.23,12.876,12.39,12.223,12.15,0.004,0.003,0.003,0.002,0.002
ugrizJ092341.3-452555,242,0,140.922083,-45.432083,11.657,0.34,12.786,11.657,11.317,11.227,11.214,0.003,0.002,0.004,0.003,0.003
E4_h,243,0,140.95825,-45.43933,14.04,0.475,15.341,14.04,13.565,13.387,13.303,0.009,0.005,0.002,0.002,0.004
BD+9o2190,244,0,142.31569360168456,8.632134463333333,11.287,0.238,12.189,11.287,11.049,10.973,10.964,0.006,0.002,0.001,0.001,0.002
BD-12o2918,245,0,142.83423782710014,-13.488358152472223,10.802,1.326,13.619,10.802,9.476,8.275,7.714,0.005,0.002,0.002,0.003,0.003
Ross889,246,0,145.17925,1.01024,10.6,0.22,11.475,10.6,10.38,10.312,10.306,0.002,0.003,0.002,0.002,0.004
ugrizJ094509.6-030338,247,0,146.290167,-3.060694,13.928,0.403,15.126,13.928,13.525,13.384,13.33,0.004,0.003,0.002,0.002,0.008
ugrizJ094532.8-030655,248,0,146.386917,-3.115278,13.065,0.354,14.207,13.065,12.711,12.593,12.56,0.005,0.003,0.002,0.002,0.004
BD+44o1910,249,0,147.37801682450043,44.288654577083335,11.5,0.6,12.014,11.115,10.838,10.736,10.718,0.003,0.002,0.001,0.001,0.002
101_315,250,0,148.7135,-0.45883,11.788,0.894,14.278,11.788,10.894,10.544,10.348,0.006,0.001,0.002,0.002,0.002
101_316,251,0,148.71652,-0.30978,11.747,0.309,12.899,11.747,11.438,11.365,11.358,0.005,0.001,0.001,0.001,0.003
101_281,252,0,149.27052,-0.52868,11.939,0.603,13.677,11.939,11.336,11.138,11.059,0.008,0.003,0.002,0.003,0.004
101_282,253,0,149.27283774823138,-0.501136075,10.163,0.246,11.282,10.163,9.917,9.875,9.9,0.006,0.004,0.002,0.003,0.005
101_207,254,0,149.46856,-0.79365,12.637,0.347,13.722,12.637,12.29,12.189,12.167,0.005,0.002,0.002,0.003,0.003
ugrizJ095906.7-595942,255,0,149.778167,-59.995,12.356,0.159,13.438,12.356,12.197,12.188,12.235,0.001,0.004,0.002,0.006,0.009
ugrizJ095907.9-595451,256,0,149.783208,-59.914389,12.967,0.131,14.151,12.967,12.836,12.841,12.887,0.005,0.002,0.004,0.004,0.005
ugrizJ095911.5-595714,257,0,149.79825,-59.954,12.926,0.175,14.192,12.926,12.751,12.754,12.802,0.005,0.003,0.003,0.003,0.005
ugrizJ095923.0-595524,258,0,149.845917,-59.9235,11.473,-0.136,12.548,11.473,11.609,11.761,11.865,0.003,0.003,0.002,0.002,0.003
ugrizJ095923.5-600548,259,0,149.848208,-60.096694,12.994,0.463,14.287,12.994,12.531,12.371,12.333,0.004,0.004,0.003,0.002,0.004
ugrizJ095923.9-595827,260,0,149.849875,-59.974278,13.412,0.276,14.553,13.412,13.136,13.066,13.066,0.005,0.003,0.003,0.002,0.003
ugrizJ095926.4-595525,261,0,149.860125,-59.923778,13.81,0.318,15.167,13.81,13.492,13.385,13.336,0.005,0.003,0.003,0.003,0.003
ugrizJ095927.4-595935,262,0,149.86425,-59.993083,13.194,0.041,14.434,13.194,13.153,13.213,13.272,0.005,0.003,0.003,0.003,0.004
ugrizJ095929.4-600430,263,0,149.872875,-60.075194,11.754,-0.124,12.828,11.754,11.878,12.031,12.135,0.004,0.003,0.002,0.003,0.004
ugrizJ095930.3-595542,264,0,149.876417,-59.928583,14.189,0.359,15.341,14.189,13.83,13.716,13.7,0.005,0.002,0.002,0.003,0.003
ugrizJ095933.4-595531,265,0,149.889375,-59.925278,13.626,0.484,14.994,13.626,13.142,12.975,12.919,0.004,0.003,0.002,0.002,0.003
ugrizJ095935.1-600507,266,0,149.896583,-60.0855,13.27,0.73,15.214,13.27,12.54,12.26,12.121,0.005,0.002,0.002,0.002,0.004
ugrizJ095935.9-295613,267,0,149.899958,-29.937194,12.897,0.722,14.912,12.897,12.175,11.899,11.757,0.005,0.002,0.002,0.001,0.002
ugrizJ095938.8-595411,268,0,149.911917,-59.903194,11.215,-0.185,12.143,11.215,11.4,11.568,11.677,0.004,0.004,0.003,0.003,0.003
ugrizJ095939.0-595638,269,0,149.912708,-59.944,13.058,0.161,14.27,13.058,12.897,12.889,12.911,0.005,0.003,0.002,0.002,0.004
ugrizJ095941.7-600255,270,0,149.924042,-60.048694,12.67,-0.067,13.841,12.67,12.737,12.864,12.935,0.004,0.002,0.002,0.002,0.003
ugrizJ095944.9-300618,271,0,149.937083,-30.105,12.82,0.302,13.908,12.82,12.518,12.428,12.436,0.004,0.002,0.002,0.002,0.002
ugrizJ095948.6-300029,272,0,149.952542,-30.008194,12.332,0.376,13.463,12.332,11.956,11.834,11.797,0.004,0.002,0.002,0.002,0.002
ugrizJ095953.8-595354,273,0,149.974208,-59.898583,13.416,0.257,14.566,13.416,13.159,13.077,13.096,0.005,0.004,0.003,0.004,0.004
ugrizJ100001.6-300045,274,0,150.00675,-30.0125,12.554,0.826,14.874,12.554,11.728,11.425,11.243,0.004,0.002,0.002,0.002,0.003
ugrizJ100005.2-595553,275,0,150.022042,-59.9315,12.463,0.03,13.597,12.463,12.433,12.461,12.455,0.005,0.003,0.003,0.002,0.004
ugrizJ100005.4-300323,276,0,150.022542,-30.056389,12.009,0.343,13.188,12.009,11.666,11.579,11.565,0.004,0.002,0.002,0.001,0.002
ugrizJ100012.1-595536,277,0,150.0505,-59.926889,13.274,0.35,14.427,13.274,12.924,12.816,12.788,0.004,0.004,0.003,0.003,0.003
ugrizJ100022.7-595427,278,0,150.094667,-59.9075,12.959,0.125,14.221,12.959,12.834,12.829,12.845,0.005,0.002,0.002,0.003,0.003
ugrizJ100023.7-300325,279,0,150.099125,-30.057194,12.606,0.345,13.765,12.606,12.261,12.151,12.131,0.004,0.002,0.001,0.001,0.002
ugrizJ100024.6-295503,280,0,150.1025,-29.917583,11.613,0.422,12.904,11.613,11.191,11.041,10.997,0.004,0.004,0.002,0.002,0.003
ugrizJ100030.8-600117,281,0,150.1285,-60.021583,12.983,-0.021,14.206,12.983,13.004,13.102,13.162,0.004,0.003,0.003,0.002,0.005
ugrizJ100031.7-073926,282,0,150.132292,-7.657389,12.803,0.477,14.207,12.803,12.326,12.178,12.146,0.003,0.003,0.002,0.003,0.004
ugrizJ100033.1-600518,283,0,150.138292,-60.0885,10.961,-0.048,12.131,10.961,11.009,11.117,11.191,0.003,0.003,0.003,0.003,0.003
ugrizJ100033.6-595830,284,0,150.140333,-59.975194,11.356,-0.184,12.272,11.356,11.54,11.719,11.836,0.004,0.004,0.003,0.002,0.003
ugrizJ100038.0-600346,285,0,150.1585,-60.062889,14.079,0.351,15.278,14.079,13.728,13.625,13.614,0.005,0.005,0.003,0.004,0.005
ugrizJ100040.7-595613,286,0,150.169583,-59.937,10.716,0.054,11.967,10.716,10.662,10.711,10.755,0.005,0.005,0.002,0.002,0.003
ugrizJ100046.6-600630,287,0,150.194333,-60.1085,12.938,-0.14,13.979,12.938,13.078,13.235,13.36,0.005,0.003,0.003,0.005,0.007
GD108,288,1,150.19581956488298,-7.558611088888889,13.35,-0.21,13.56,13.56,13.56,13.56,13.56,0.0,0.0,0.0,0.0,0.0
ugrizJ100048.1-595903,289,0,150.200542,-59.984194,13.568,0.02,14.738,13.568,13.548,13.592,13.602,0.004,0.004,0.003,0.002,0.005
GD108-C,290,0,150.230083,-7.508194,14.17,0.57,15.802,14.17,13.6,13.415,13.339,0.005,0.005,0.003,0.002,0.006
LHS-2272,291,1,157.2313188395903,0.8408242303333334,11.15,1.5,9.6,9.6,9.6,9.6,9.6,0.0,0.0,0.0,0.0,0.0
G162-66,292,0,158.42699602744594,-11.694493541666667,12.84,-0.387,12.657,12.84,13.227,13.581,13.884,0.013,0.005,0.001,0.007,0.012
PG1034+001,293,1,159.26568332383385,-0.13877328888888887,12.992,-0.624,12.627,12.992,13.616,13.984,14.439,0.002,0.001,0.002,0.004,0.007
Yan103927+430546,294,0,159.86445,43.09617,13.186,0.449,14.532,13.186,12.737,12.597,12.555,0.009,0.003,0.001,0.002,0.008
Feige34,295,0,159.90314599841,43.10256353997222,10.915,-0.508,10.406,10.915,11.423,11.77,12.035,0.003,0.002,0.002,0.001,0.003
Yan104002+430625,296,0,160.01183,43.10718,12.668,0.405,13.944,12.668,12.263,12.147,12.123,0.006,0.002,0.001,0.002,0.011
Yan104003+430733,297,0,160.01306,43.12606,11.855,0.489,13.309,11.855,11.366,11.203,11.142,0.003,0.002,0.001,0.002,0.011
BD+29o2091,298,0,161.84740363696812,28.395183748166666,10.489,0.366,11.353,10.489,10.123,9.991,9.951,0.01,0.006,0.006,0.005,0.004
PG1047+003A,299,0,162.52364,-0.0199,13.822,0.519,15.207,13.822,13.303,13.091,13.004,0.008,0.003,0.003,0.003,0.004
Ross106,300,0,162.62283384949836,56.44030371388889,12.847,0.434,13.875,12.847,12.413,12.237,12.177,0.007,0.003,0.003,0.003,0.005
ugrizJ105146.6-050607,301,0,162.944208,-5.102194,12.119,0.467,13.512,12.119,11.652,11.509,11.489,0.004,0.003,0.001,0.002,0.003
ugrizJ105205.1-050628,302,0,163.021458,-5.107889,12.555,0.195,13.525,12.555,12.36,12.317,12.35,0.005,0.002,0.002,0.002,0.002
ugrizJ105207.9-045428,303,0,163.032917,-4.907778,14.213,0.352,15.388,14.213,13.861,13.749,13.742,0.004,0.002,0.002,0.002,0.003
102_616,304,0,163.69711,-0.86423,12.457,0.292,13.499,12.457,12.165,12.071,12.063,0.006,0.003,0.005,0.003,0.013
102_620,305,0,163.76854,-0.80535,10.597,0.932,13.061,10.597,9.665,9.356,9.208,0.009,0.002,0.002,0.002,0.003
ugrizJ105755.5-385047,306,0,164.4815,-38.846389,14.257,0.555,15.684,14.257,13.702,13.477,13.398,0.004,0.004,0.002,0.004,0.004
ugrizJ105800.5-385100,307,0,164.502417,-38.85,12.22,0.49,13.593,12.22,11.73,11.563,11.52,0.005,0.002,0.002,0.004,0.004
ugrizJ105837.4-384100,308,0,164.656,-38.683583,14.391,0.385,15.598,14.391,14.006,13.883,13.842,0.004,0.002,0.002,0.003,0.005
ugrizJ105846.6-384736,309,0,164.694333,-38.7935,12.532,0.348,13.637,12.532,12.184,12.069,12.046,0.003,0.002,0.002,0.002,0.003
G163_50,310,0,166.9995543323254,-5.159214033333333,12.989,-0.277,13.204,12.989,13.266,13.538,13.809,0.003,0.002,0.003,0.003,0.006
G163_51,311,0,167.02698431304546,-5.2316940333333335,13.275,1.315,16.016,13.275,11.96,10.722,10.155,0.014,0.003,0.003,0.002,0.004
Wolf365,312,0,167.7472639147956,6.417384343833334,11.695,0.56,12.877,11.695,11.135,10.898,10.801,0.007,0.002,0.003,0.003,0.004
GCRV7017,313,0,173.09910129015663,76.65239047205556,11.843,0.517,12.963,11.843,11.326,11.114,11.034,0.005,0.004,0.003,0.003,0.004
ugrizJ113257.1-625751,314,0,173.238167,-62.964278,13.233,0.392,14.775,13.233,12.841,12.617,12.417,0.005,0.002,0.003,0.004,0.003
ugrizJ113258.9-625728,315,0,173.245542,-62.958,11.902,-0.086,12.801,11.902,11.988,12.104,12.163,0.004,0.002,0.002,0.002,0.004
ugrizJ113304.1-625922,316,0,173.267333,-62.9895,13.586,0.136,14.503,13.586,13.45,13.418,13.379,0.005,0.003,0.003,0.003,0.005
ugrizJ113312.5-625943,317,0,173.302167,-62.9955,11.056,0.021,12.246,11.056,11.035,11.091,11.111,0.004,0.002,0.002,0.001,0.003
ugrizJ113313.6-630254,318,0,173.307042,-63.048389,13.654,0.05,14.866,13.654,13.604,13.632,13.611,0.004,0.002,0.002,0.004,0.006
ugrizJ113318.8-630511,319,0,173.328708,-63.0865,12.27,0.141,13.186,12.27,12.129,12.104,12.051,0.004,0.002,0.001,0.002,0.003
ugrizJ113319.4-630604,320,0,173.331042,-63.101278,12.924,0.162,14.223,12.924,12.762,12.736,12.722,0.004,0.004,0.001,0.001,0.004
ugrizJ113323.5-625724,321,0,173.348,-62.956694,12.767,0.002,13.997,12.767,12.765,12.833,12.868,0.004,0.002,0.002,0.002,0.005
ugrizJ113326.2-625758,322,0,173.359333,-62.966194,12.965,0.154,14.263,12.965,12.811,12.802,12.798,0.005,0.002,0.002,0.002,0.007
ugrizJ113327.2-630530,323,0,173.363375,-63.091889,12.108,0.477,13.438,12.108,11.631,11.454,11.38,0.004,0.002,0.001,0.002,0.003
ugrizJ113327.7-630632,324,0,173.365417,-63.108889,12.342,0.11,13.653,12.342,12.232,12.224,12.205,0.004,0.004,0.002,0.001,0.003
ugrizJ113334.8-630336,325,0,173.395042,-63.060194,12.44,0.041,13.645,12.44,12.399,12.451,12.44,0.005,0.002,0.002,0.001,0.003
ugrizJ113347.5-630508,326,0,173.448042,-63.085694,12.956,0.074,13.91,12.956,12.882,12.797,12.589,0.004,0.003,0.003,0.004,0.008
ugrizJ113350.4-630310,327,0,173.46025,-63.052778,13.15,0.157,14.472,13.15,12.993,12.979,12.998,0.005,0.003,0.002,0.003,0.005
ugrizJ113351.1-630609,328,0,173.462917,-63.102694,13.129,0.284,14.543,13.129,12.845,12.773,12.735,0.004,0.002,0.002,0.002,0.003
ugrizJ113400.3-630610,329,0,173.501583,-63.102778,13.392,0.548,14.814,13.392,12.844,12.605,12.459,0.005,0.002,0.002,0.003,0.006
ugrizJ113408.9-625730,330,0,173.537375,-62.958583,11.485,-0.097,12.276,11.485,11.582,11.695,11.764,0.005,0.005,0.002,0.001,0.004
ugrizJ113413.8-630319,331,0,173.557625,-63.055278,13.409,0.923,15.758,13.409,12.486,12.085,11.842,0.005,0.002,0.002,0.002,0.004
ugrizJ113414.1-630441,332,0,173.559042,-63.078194,11.05,0.325,12.394,11.05,10.725,10.619,10.588,0.004,0.004,0.002,0.002,0.004
ugrizJ113448.7-631747,333,0,173.702958,-63.2965,12.573,0.049,13.44,12.573,12.524,12.545,12.556,0.005,0.004,0.002,0.002,0.005
ugrizJ113505.1-630938,334,0,173.771458,-63.160583,13.081,0.153,14.429,13.081,12.928,12.919,12.911,0.004,0.003,0.001,0.002,0.003
ugrizJ113505.6-631335,335,0,173.773708,-63.226583,12.324,0.22,12.981,12.324,12.104,12.021,11.966,0.005,0.002,0.002,0.002,0.003
ugrizJ113507.8-631433,336,0,173.78275,-63.2425,12.97,0.036,14.172,12.97,12.934,12.982,12.982,0.003,0.003,0.002,0.002,0.003
ugrizJ113508.9-631444,337,0,173.787375,-63.245694,12.106,0.53,13.561,12.106,11.576,11.379,11.3,0.003,0.002,0.002,0.001,0.002
ugrizJ113516.9-631316,338,0,173.820625,-63.221278,12.758,0.535,14.066,12.758,12.223,11.997,11.895,0.004,0.002,0.002,0.001,0.003
ugrizJ113518.7-631649,339,0,173.828,-63.280278,11.856,0.716,13.758,11.856,11.14,10.837,10.662,0.005,0.002,0.002,0.002,0.002
ugrizJ113521.9-631421,340,0,173.84125,-63.239194,12.388,0.05,13.645,12.388,12.338,12.384,12.404,0.003,0.002,0.002,0.001,0.003
ugrizJ113523.0-630811,341,0,173.845917,-63.136389,12.592,0.406,14.106,12.592,12.186,11.959,11.699,0.004,0.002,0.002,0.002,0.002
ugrizJ113544.2-630849,342,0,173.934167,-63.147083,12.192,0.13,13.553,12.192,12.062,12.02,11.931,0.005,0.002,0.002,0.002,0.005
ugrizJ113600.7-631831,343,0,174.003,-63.308778,13.535,0.541,14.945,13.535,12.994,12.767,12.672,0.005,0.002,0.002,0.003,0.004
ugrizJ113626.5-631441,344,0,174.11075,-63.244778,13.299,0.099,14.204,13.299,13.2,13.177,13.161,0.005,0.003,0.005,0.004,0.004
G10-50,345,0,176.93746978542333,0.79924228,11.911,1.471,14.874,11.911,10.44,8.79,8.024,0.01,0.006,0.004,0.003,0.004
BD-21o3420,346,0,178.8677100208062,-22.387982407,10.343,0.322,11.341,10.343,10.021,9.899,9.863,0.009,0.004,0.008,0.009,0.007
103_518,347,0,179.1286,-0.54346,11.506,0.459,12.751,11.506,11.047,10.888,10.835,0.008,0.005,0.005,0.003,0.005
103_626,348,0,179.19207,-0.38733,11.999,0.246,13.055,11.999,11.753,11.697,11.724,0.008,0.003,0.003,0.003,0.005
103_526,349,0,179.22563,-0.50377,11.401,0.826,13.835,11.401,10.575,10.282,10.118,0.011,0.003,0.002,0.002,0.003
ugrizJ115920.1-600413,350,0,179.83375,-60.0705,13.266,0.158,14.647,13.266,13.108,13.082,13.059,0.005,0.005,0.002,0.003,0.003
ugrizJ115920.4-595622,351,0,179.835375,-59.939583,14.174,0.267,15.47,14.174,13.907,13.811,13.769,0.004,0.002,0.002,0.002,0.002
ugrizJ115924.0-595548,352,0,179.85025,-59.930083,13.047,0.209,14.463,13.047,12.838,12.797,12.782,0.003,0.002,0.002,0.002,0.003
ugrizJ115928.3-600101,353,0,179.867917,-60.017194,14.738,0.468,16.207,14.738,14.27,14.098,14.015,0.005,0.005,0.003,0.004,0.01
ugrizJ115931.7-600235,354,0,179.882125,-60.043194,13.034,0.181,14.457,13.034,12.853,12.818,12.771,0.005,0.002,0.002,0.002,0.002
ugrizJ115932.5-295001,355,0,179.8855,-29.833694,12.577,0.302,13.745,12.577,12.275,12.198,12.214,0.004,0.003,0.003,0.003,0.003
ugrizJ115940.9-595459,356,0,179.920667,-59.916389,13.497,0.382,14.689,13.497,13.115,12.982,12.958,0.005,0.002,0.003,0.007,0.003
ugrizJ115941.9-600152,357,0,179.92475,-60.031194,13.137,0.524,14.476,13.137,12.613,12.424,12.347,0.004,0.002,0.002,0.002,0.002
ugrizJ115942.1-595622,358,0,179.92575,-59.9395,13.107,0.07,14.406,13.107,13.037,13.058,13.041,0.003,0.002,0.002,0.003,0.003
ugrizJ115942.6-295148,359,0,179.927833,-29.8635,11.92,0.498,13.393,11.92,11.422,11.272,11.224,0.004,0.002,0.002,0.002,0.003
ugrizJ115945.6-294954,360,0,179.940375,-29.831889,12.371,0.692,14.25,12.371,11.679,11.414,11.278,0.005,0.002,0.002,0.002,0.002
ugrizJ115951.1-595358,361,0,179.963208,-59.899583,12.921,-0.03,14.107,12.921,12.951,13.03,13.076,0.004,0.002,0.002,0.003,0.002
ugrizJ115954.2-600107,362,0,179.976208,-60.018778,11.991,0.144,13.237,11.991,11.847,11.854,11.875,0.003,0.002,0.002,0.002,0.002
ugrizJ115955.9-294941,363,0,179.983208,-29.828194,12.232,0.43,13.531,12.232,11.802,11.666,11.625,0.005,0.001,0.001,0.002,0.003
ugrizJ115957.7-600239,364,0,179.9905,-60.044389,13.104,0.05,14.362,13.104,13.054,13.102,13.128,0.003,0.002,0.002,0.002,0.003
ugrizJ115958.0-595458,365,0,179.991792,-59.916194,11.491,-0.047,12.609,11.491,11.538,11.631,11.655,0.005,0.003,0.002,0.003,0.002
ugrizJ115958.7-295149,366,0,179.994667,-29.863694,12.046,0.361,13.293,12.046,11.685,11.59,11.572,0.004,0.002,0.001,0.002,0.003
ugrizJ115959.1-595852,367,0,179.996625,-59.981194,12.49,0.742,14.477,12.49,11.748,11.489,11.347,0.005,0.002,0.001,0.003,0.003
ugrizJ120002.2-600040,368,0,180.009333,-60.011194,13.254,0.234,14.669,13.254,13.02,12.983,12.967,0.005,0.002,0.001,0.002,0.003
ugrizJ120005.2-600447,369,0,180.022,-60.079889,12.428,0.009,13.662,12.428,12.419,12.511,12.582,0.003,0.001,0.001,0.001,0.002
ugrizJ120008.0-295853,370,0,180.033625,-29.981583,11.846,0.442,13.135,11.846,11.404,11.271,11.236,0.004,0.001,0.003,0.004,0.003
ugrizJ120008.7-595706,371,0,180.036417,-59.951778,12.07,0.119,13.414,12.07,11.951,11.937,11.86,0.005,0.002,0.002,0.002,0.002
ugrizJ120017.8-595948,372,0,180.074292,-59.996694,12.939,0.413,14.24,12.939,12.526,12.411,12.375,0.005,0.003,0.002,0.002,0.003
ugrizJ120018.0-295314,373,0,180.075375,-29.887278,13.008,0.449,14.475,13.008,12.559,12.433,12.4,0.004,0.002,0.002,0.002,0.003
ugrizJ120020.6-595848,374,0,180.085917,-59.98,12.804,0.173,14.067,12.804,12.631,12.634,12.655,0.004,0.003,0.002,0.002,0.002
ugrizJ120037.5-595810,375,0,180.15625,-59.969694,13.127,0.137,14.111,13.127,12.99,12.962,12.947,0.004,0.003,0.001,0.002,0.003
ugrizJ120052.6-595845,376,0,180.2195,-59.979389,12.572,0.413,13.821,12.572,12.159,12.013,11.982,0.004,0.002,0.002,0.002,0.004
ugrizJ120334.9-452929,377,0,180.895625,-45.491583,13.075,0.674,14.511,13.075,12.401,12.07,11.912,0.005,0.004,0.003,0.006,0.006
ugrizJ120340.0-452405,378,0,180.91675,-45.401389,11.68,0.044,12.79,11.68,11.636,11.671,11.733,0.005,0.003,0.002,0.002,0.003
E5_48-U,379,0,180.96754,-45.49369,11.102,0.997,13.976,11.102,10.105,9.742,9.541,0.006,0.002,0.003,0.003,0.005
ugrizJ120402.8-453434,380,0,181.012,-45.576194,12.561,0.297,13.699,12.561,12.264,12.175,12.188,0.004,0.003,0.003,0.003,0.004
E5_46-S,381,0,181.12517,-45.48014,10.826,0.397,12.094,10.826,10.429,10.285,10.237,0.005,0.004,0.003,0.015,0.034
GD314,382,1,181.16069,60.53564,13.57,-0.27,13.3,13.3,13.3,13.3,13.3,0.0,0.0,0.0,0.0,0.0
ugrizJ120456.5-453350,383,0,181.235542,-45.564083,14.121,0.429,15.375,14.121,13.692,13.55,13.503,0.004,0.002,0.002,0.002,0.003
E5_m,384,0,181.26596,-45.57106,16.082,0.466,17.287,16.082,15.616,15.446,15.375,0.01,0.004,0.003,0.005,0.013
E5_o,385,0,181.26921,-45.5635,16.891,0.525,18.206,16.891,16.366,16.174,16.093,0.049,0.006,0.007,0.006,0.018
ugrizJ120508.4-453539,386,0,181.285042,-45.594278,13.834,0.464,15.212,13.834,13.37,13.227,13.179,0.005,0.002,0.002,0.002,0.003
E5_k,387,0,181.29633,-45.56417,15.598,0.347,16.739,15.598,15.251,15.161,15.134,0.008,0.003,0.003,0.004,0.006
E5_h,388,0,181.34213,-45.61219,14.845,1.014,17.509,14.845,13.831,13.401,13.153,0.022,0.003,0.003,0.003,0.005
E5_59-Y,389,0,181.351583,-45.526389,12.8,-0.175,13.788,12.8,12.975,13.152,13.257,0.005,0.003,0.002,0.002,0.003
E5_c,390,0,181.36533,-45.54239,13.815,0.677,15.575,13.815,13.138,12.878,12.743,0.008,0.002,0.002,0.002,0.003
ugrizJ120541.6-453156,391,0,181.423583,-45.532278,13.317,0.383,14.54,13.317,12.934,12.803,12.765,0.005,0.003,0.002,0.002,0.003
Ross453,392,0,182.73203218443012,0.3961481216666667,11.269,0.298,12.141,11.269,10.971,10.87,10.845,0.008,0.004,0.005,0.004,0.005
Wolf1447,393,0,188.60342900459494,15.280108529333333,12.171,0.288,13.006,12.171,11.883,11.788,11.766,0.005,0.003,0.002,0.003,0.009
Feige66,394,0,189.3481681466112,25.066508166222224,10.271,-0.476,9.926,10.271,10.747,11.114,11.43,0.003,0.001,0.002,0.001,0.004
104_428,395,0,190.4221,-0.44072,13.093,0.763,15.246,13.093,12.33,12.051,11.904,0.007,0.003,0.002,0.003,0.004
104_598,396,0,191.32062,-0.27759,12.042,0.985,14.523,12.042,11.057,10.718,10.57,0.014,0.004,0.005,0.004,0.004
Ross484,397,0,199.73331000462397,-3.0722457199999997,11.233,0.855,13.233,11.233,10.378,10.051,9.886,0.009,0.002,0.003,0.003,0.005
LTT5137,398,0,200.0985863518481,-3.0291039362500003,11.645,0.455,12.748,11.645,11.19,11.009,10.946,0.01,0.005,0.004,0.003,0.006
GCRV7951,399,0,200.43992240100098,74.20926151441667,11.829,0.341,12.705,11.829,11.488,11.354,11.319,0.005,0.002,0.001,0.001,0.003
G63-26,400,1,201.12750822264047,20.4561110775,12.18,0.44,12.18,12.18,12.18,12.18,12.18,0.0,0.0,0.0,0.0,0.0
PG1323-086D,401,0,201.52187,-8.84335,12.325,0.397,13.535,12.325,11.928,11.796,11.764,0.003,0.001,0.001,0.001,0.002
G14-55,402,0,202.0888483382799,-2.36248157125,11.958,1.325,14.771,11.958,10.633,9.3,8.685,0.006,0.003,0.002,0.002,0.003
BD+30o2428B,403,0,204.30664179972152,30.08724820275,10.907,0.668,12.751,10.907,10.239,10.016,9.909,0.006,0.002,0.003,0.002,0.003
105_815,404,0,205.01142,-0.03839,11.598,0.232,12.461,11.598,11.366,11.29,11.287,0.005,0.002,0.002,0.003,0.004
BD+2_2711,405,0,205.5791082752024,1.5049578272500002,10.186,-0.362,10.352,10.186,10.548,10.849,11.083,0.004,0.003,0.002,0.003,0.004
ugrizJ135223.8-480738,406,0,208.099417,-48.127389,10.323,-0.118,11.461,10.323,10.441,10.595,10.698,0.004,0.005,0.003,0.002,0.003
ugrizJ135230.9-480559,407,0,208.128792,-48.099778,13.827,0.374,15.059,13.827,13.453,13.34,13.319,0.005,0.002,0.002,0.002,0.003
ugrizJ135237.6-481341,408,0,208.157042,-48.228083,13.703,0.463,15.06,13.703,13.24,13.087,13.053,0.005,0.003,0.003,0.003,0.005
ugrizJ135303.3-480623,409,0,208.264125,-48.1065,14.188,0.393,15.408,14.188,13.795,13.659,13.612,0.005,0.004,0.002,0.003,0.005
ugrizJ135307.8-481139,410,0,208.282875,-48.194278,12.23,0.423,13.524,12.23,11.807,11.683,11.649,0.005,0.003,0.002,0.003,0.003
HD121968,411,0,209.7130881325912,-2.914480495555556,10.055,-0.37,9.991,10.055,10.425,10.743,10.988,0.004,0.003,0.003,0.004,0.003
ugrizJ135905.0-110714,412,0,209.770917,-11.120694,13.479,0.43,14.703,13.479,13.049,12.906,12.872,0.004,0.003,0.003,0.003,0.004
ugrizJ135925.6-595430,413,0,209.856917,-59.908389,13.551,0.127,14.88,13.551,13.424,13.407,13.383,0.005,0.003,0.001,0.002,0.003
ugrizJ135930.7-600148,414,0,209.878083,-60.030194,13.438,0.436,14.754,13.438,13.002,12.853,12.799,0.004,0.002,0.001,0.002,0.002
ugrizJ135933.9-295723,415,0,209.891375,-29.9565,11.283,0.515,12.771,11.283,10.768,10.614,10.571,0.005,0.005,0.003,0.004,0.003
ugrizJ135934.4-595842,416,0,209.893542,-59.978389,13.754,0.472,15.019,13.754,13.282,13.114,13.051,0.004,0.002,0.001,0.003,0.003
ugrizJ135940.7-600120,417,0,209.919958,-60.022278,11.769,0.297,13.126,11.769,11.472,11.399,11.364,0.005,0.003,0.002,0.003,0.002
ugrizJ135941.6-595523,418,0,209.923375,-59.923194,13.375,0.222,14.63,13.375,13.153,13.094,13.004,0.004,0.002,0.002,0.003,0.002
ugrizJ135946.4-595913,419,0,209.943625,-59.987194,14.791,0.571,16.159,14.791,14.22,13.963,13.76,0.005,0.006,0.003,0.004,0.004
ugrizJ135948.5-595607,420,0,209.95225,-59.935278,12.908,0.24,14.223,12.908,12.668,12.619,12.604,0.004,0.001,0.003,0.002,0.003
ugrizJ135948.7-295647,421,0,209.953125,-29.946389,13.72,0.573,15.361,13.72,13.147,12.973,12.897,0.005,0.002,0.002,0.003,0.003
ugrizJ135949.1-595706,422,0,209.954667,-59.951778,10.127,-0.033,10.866,10.127,10.16,10.262,10.297,0.003,0.002,0.001,0.003,0.003
ugrizJ140000.4-600444,423,0,210.001958,-60.079083,13.704,0.245,15.129,13.704,13.459,13.395,13.35,0.005,0.003,0.002,0.003,0.003
ugrizJ140005.1-595705,424,0,210.021292,-59.9515,10.951,-0.068,11.772,10.951,11.019,11.136,11.197,0.004,0.002,0.001,0.002,0.002
ugrizJ140009.2-595406,425,0,210.038667,-59.901889,13.719,0.405,14.986,13.719,13.314,13.161,13.112,0.005,0.002,0.002,0.002,0.002
ugrizJ140010.5-595501,426,0,210.043833,-59.917194,12.547,0.175,13.847,12.547,12.372,12.354,12.362,0.003,0.001,0.001,0.002,0.002
ugrizJ140011.9-595446,427,0,210.049958,-59.912778,13.281,0.446,14.462,13.281,12.835,12.632,12.517,0.004,0.001,0.002,0.002,0.002
ugrizJ140014.0-600414,428,0,210.058625,-60.070583,13.297,0.427,14.523,13.297,12.87,12.722,12.67,0.004,0.001,0.001,0.002,0.002
ugrizJ140023.1-600456,429,0,210.096458,-60.082389,14.139,0.593,15.601,14.139,13.546,13.315,13.206,0.003,0.002,0.001,0.002,0.002
ugrizJ140024.7-300359,430,0,210.102958,-30.066389,11.257,0.33,12.414,11.257,10.927,10.838,10.836,0.003,0.003,0.003,0.003,0.004
ugrizJ140029.9-595841,431,0,210.12475,-59.978083,12.329,-0.002,13.438,12.329,12.331,12.408,12.428,0.004,0.002,0.001,0.002,0.002
ugrizJ140029.9-595430,432,0,210.124833,-59.908389,11.71,0.225,13.081,11.71,11.485,11.433,11.413,0.005,0.006,0.004,0.005,0.004
ugrizJ140040.6-600011,433,0,210.169417,-60.003194,13.123,0.062,14.375,13.123,13.061,13.098,13.107,0.005,0.003,0.002,0.003,0.005
Ross838,434,0,210.4361875437158,8.917852433333334,11.9,0.573,13.177,11.9,11.327,11.088,10.977,0.007,0.002,0.002,0.002,0.003
ugrizJ144504.6-452034,435,0,221.26925,-45.342778,11.889,0.399,13.124,11.889,11.49,11.361,11.327,0.005,0.003,0.003,0.003,0.003
E6_16-P,436,0,221.313,-45.425278,9.443,0.081,10.675,9.443,9.362,9.405,9.46,0.005,0.003,0.003,0.002,0.002
E6_50-Z,437,0,221.466708,-45.257694,10.806,0.127,11.958,10.806,10.679,10.676,10.714,0.005,0.003,0.002,0.002,0.001
ugrizJ144602.8-451718,438,0,221.511667,-45.288389,12.784,0.467,14.208,12.784,12.317,12.153,12.106,0.005,0.005,0.003,0.004,0.003
E6_r,439,0,221.56425,-45.41875,14.639,0.765,16.555,14.639,13.874,13.543,13.37,0.009,0.004,0.004,0.003,0.004
E6_g,440,0,221.59613,-45.58872,12.419,0.382,13.655,12.419,12.037,11.902,11.875,0.006,0.004,0.003,0.003,0.004
E6_l,441,0,221.60483,-45.48022,12.984,1.075,15.94,12.984,11.909,11.478,11.226,0.011,0.002,0.003,0.003,0.005
ugrizJ144627.3-452415,442,0,221.613792,-45.404194,14.956,0.542,16.441,14.956,14.414,14.204,14.124,0.005,0.003,0.003,0.003,0.003
E6_n,443,0,221.64763,-45.40497,13.322,0.817,15.483,13.322,12.505,12.155,11.972,0.009,0.002,0.003,0.004,0.004
ugrizJ144645.3-453619,444,0,221.688917,-45.605389,13.177,0.809,14.867,13.177,12.368,11.959,11.77,0.005,0.002,0.006,0.006,0.007
BD+26o2606,445,0,222.2598524389297,25.70083797711111,9.891,0.287,10.761,9.891,9.604,9.503,9.486,0.001,0.001,0.001,0.001,0.001
GCRV8758,446,0,226.92172803159715,32.4079359535,11.446,0.492,12.704,11.446,10.954,10.778,10.716,0.004,0.002,0.002,0.002,0.003
PG1528+062B,447,0,232.66464,6.0204,12.247,0.419,13.482,12.247,11.828,11.685,11.649,0.004,0.001,0.001,0.001,0.002
G15-24,448,0,232.67193553688097,8.394012406,11.689,0.412,12.724,11.689,11.277,11.126,11.074,0.003,0.002,0.002,0.002,0.004
107_1006,449,0,234.63878,0.23863,12.052,0.578,13.601,12.052,11.474,11.27,11.18,0.007,0.002,0.002,0.002,0.002
107_351,450,0,234.69071,-0.53522,12.571,0.396,13.758,12.571,12.175,12.033,11.985,0.004,0.002,0.002,0.002,0.003
GJ596B,451,0,235.75753,26.28298,11.993,0.481,13.363,11.993,11.512,11.347,11.25,0.007,0.004,0.004,0.003,0.004
35_316,452,1,237.42163327393718,44.5899162475,10.39,0.53,9.86,9.86,9.86,9.86,9.86,0.0,0.0,0.0,0.0,0.0
BD+33o2642,453,0,237.9992439915054,32.94857420125,10.647,-0.332,10.629,10.647,10.979,11.263,11.475,0.002,0.002,0.001,0.002,0.003
35_518,454,1,238.3701946218264,44.95875482,9.4,0.14,9.26,9.26,9.26,9.26,9.26,0.0,0.0,0.0,0.0,0.0
35_526,455,1,238.58249120349237,44.91847758,10.09,1.1,9.0,9.0,9.0,9.0,9.0,0.0,0.0,0.0,0.0,0.0
35_535,456,1,238.75261782227213,44.98895578533333,10.42,1.32,9.1,9.1,9.1,9.1,9.1,0.0,0.0,0.0,0.0,0.0
ugrizJ160032.8-300346,457,0,240.137,-30.062778,12.314,0.744,14.356,12.314,11.57,11.284,11.158,0.005,0.002,0.004,0.004,0.002
ugrizJ160040.6-295850,458,0,240.169167,-29.980583,13.072,0.355,14.272,13.072,12.717,12.608,12.57,0.004,0.002,0.002,0.003,0.002
ugrizJ160044.2-295702,459,0,240.184292,-29.950583,11.584,0.402,12.867,11.584,11.182,11.06,11.007,0.003,0.002,0.003,0.004,0.003
ugrizJ160047.2-595629,460,0,240.196667,-59.9415,12.405,0.175,13.756,12.405,12.23,12.207,12.184,0.002,0.001,0.001,0.002,0.002
ugrizJ160048.2-595533,461,0,240.200833,-59.926,13.054,0.328,14.267,13.054,12.726,12.623,12.593,0.003,0.002,0.001,0.003,0.003
ugrizJ160049.8-300040,462,0,240.207542,-30.011278,12.937,0.431,14.224,12.937,12.506,12.364,12.303,0.003,0.001,0.002,0.003,0.002
ugrizJ160053.1-595648,463,0,240.221333,-59.946889,12.742,0.404,13.994,12.742,12.338,12.195,12.134,0.003,0.001,0.002,0.002,0.003
ugrizJ160055.5-595846,464,0,240.231583,-59.979694,10.767,0.401,12.071,10.767,10.366,10.234,10.18,0.002,0.001,0.002,0.003,0.003
ugrizJ160100.0-600541,465,0,240.250375,-60.094889,12.028,0.959,14.471,12.028,11.069,10.667,10.44,0.005,0.002,0.002,0.005,0.002
ugrizJ160110.5-295835,466,0,240.293792,-29.976389,12.599,0.537,14.071,12.599,12.062,11.889,11.81,0.003,0.002,0.003,0.003,0.002
ugrizJ160114.2-595707,467,0,240.30925,-59.952083,13.107,0.083,14.353,13.107,13.024,13.053,13.035,0.004,0.002,0.002,0.003,0.003
ugrizJ160119.6-295828,468,0,240.331708,-29.974583,13.268,0.585,14.806,13.268,12.683,12.467,12.359,0.005,0.002,0.002,0.002,0.002
ugrizJ160122.3-600325,469,0,240.34325,-60.057083,13.146,0.298,14.617,13.146,12.848,12.782,12.731,0.004,0.002,0.001,0.002,0.002
ugrizJ160132.3-600535,470,0,240.384667,-60.093083,13.004,0.593,14.558,13.004,12.411,12.186,12.089,0.005,0.002,0.002,0.003,0.002
ugrizJ160142.5-600037,471,0,240.427333,-60.0105,10.915,-0.046,12.081,10.915,10.961,11.07,11.123,0.003,0.003,0.002,0.005,0.003
ugrizJ160145.2-595623,472,0,240.438375,-59.939778,12.784,0.327,14.098,12.784,12.457,12.336,12.286,0.005,0.002,0.002,0.002,0.002
ugrizJ160149.0-595925,473,0,240.454542,-59.990389,12.358,0.234,13.786,12.358,12.124,12.057,12.027,0.005,0.003,0.002,0.002,0.003
ugrizJ161844.4-150953,474,0,244.685333,-15.164889,11.859,0.664,13.499,11.859,11.195,10.943,10.809,0.005,0.003,0.003,0.002,0.003
Ross530,475,0,244.96508356715606,22.6368561735,11.877,0.558,13.15,11.877,11.319,11.09,10.987,0.004,0.002,0.002,0.001,0.002
GCRV9483,476,0,247.06817446737114,44.6739538045,11.631,0.527,12.737,11.631,11.104,10.882,10.8,0.003,0.002,0.002,0.002,0.003
LHS-0419,477,0,247.57459021168026,-12.668062066666666,10.831,1.36,13.6,10.831,9.471,8.028,7.36,0.009,0.006,0.005,0.004,0.005
PG1633+099-G,478,0,248.88475,9.841778,14.065,0.511,15.395,14.065,13.554,13.369,13.29,0.006,0.003,0.003,0.003,0.005
PG1633+099-B,479,0,248.88875,9.772389,13.475,0.863,15.956,13.475,12.612,12.326,12.168,0.007,0.004,0.003,0.004,0.005
PG1633+099-F,480,0,248.902958,9.827889,14.176,0.689,15.774,14.176,13.487,13.169,13.001,0.008,0.003,0.003,0.005,0.005
PG1633+099-D,481,0,248.917042,9.778194,13.91,0.358,15.066,13.91,13.552,13.441,13.416,0.009,0.004,0.003,0.004,0.004
PG1633+099-E,482,0,248.937833,9.8235,13.5,0.645,15.169,13.5,12.855,12.608,12.485,0.007,0.002,0.003,0.004,0.004
108_475,483,0,249.2523,-0.57767,11.962,1.13,15.089,11.962,10.832,10.376,10.106,0.015,0.002,0.002,0.001,0.003
108_551,484,0,249.44899594059956,-0.5515044058333334,10.715,-0.032,11.971,10.715,10.747,10.851,10.902,0.005,0.003,0.002,0.002,0.003
ugrizJ165304.2-555724,485,0,253.267542,-55.956778,12.624,0.439,13.886,12.624,12.185,12.011,11.956,0.005,0.003,0.003,0.002,0.002
LSE_259-C,486,0,253.374875,-56.015083,11.336,0.815,13.464,11.336,10.521,10.212,10.048,0.004,0.002,0.002,0.003,0.003
ugrizJ165335.8-555835,487,0,253.399458,-55.976583,14.46,0.863,16.604,14.46,13.597,13.228,13.011,0.004,0.003,0.003,0.005,0.005
LSE_259-D,488,0,253.423,-55.985694,11.816,0.135,13.11,11.816,11.681,11.689,11.703,0.003,0.003,0.002,0.003,0.002
LSE_259-E,489,0,253.42975,-55.974889,12.181,0.433,13.514,12.181,11.748,11.608,11.557,0.002,0.002,0.002,0.002,0.002
LSE_259,490,0,253.477125,-56.031778,12.398,-0.293,12.169,12.398,12.691,12.942,13.155,0.005,0.002,0.003,0.004,0.006
ugrizJ165358.5-560807,491,0,253.494083,-56.135389,12.741,0.188,13.981,12.741,12.553,12.528,12.554,0.003,0.004,0.004,0.004,0.002
ugrizJ165410.3-560405,492,0,253.542917,-56.068083,13.693,0.445,15.072,13.693,13.248,13.104,13.055,0.004,0.005,0.004,0.003,0.003
ugrizJ165413.1-560517,493,0,253.554583,-56.088194,12.812,0.571,14.394,12.812,12.241,12.041,11.959,0.004,0.003,0.002,0.002,0.002
ugrizJ165417.9-555620,494,0,253.574667,-55.938889,10.799,0.897,13.197,10.799,9.902,9.543,9.344,0.004,0.005,0.002,0.007,0.004
ugrizJ165419.0-560204,495,0,253.579292,-56.034583,13.677,0.45,15.004,13.677,13.227,13.063,13.003,0.004,0.005,0.003,0.004,0.003
ugrizJ165424.2-560011,496,0,253.600958,-56.003083,13.391,0.353,14.647,13.391,13.038,12.932,12.905,0.003,0.004,0.003,0.003,0.004
ugrizJ165430.8-555729,497,0,253.628667,-55.958083,12.41,0.352,13.676,12.41,12.058,11.921,11.865,0.002,0.005,0.001,0.006,0.006
Wolf629,498,0,253.85085159186744,-8.326918061083333,12.542,1.413,15.555,12.542,11.129,9.663,9.015,0.021,0.004,0.001,0.004,0.002
Yan173518+185729,499,0,263.82895,18.95806,12.659,0.32,13.787,12.659,12.339,12.248,12.235,0.005,0.003,0.003,0.004,0.004
BD+18o3407,500,0,263.83358573818657,18.8819504295,10.393,0.628,12.083,10.393,9.765,9.538,9.438,0.003,0.001,0.001,0.001,0.001
Yan173527+185407,501,0,263.86505,18.90197,12.916,0.479,14.328,12.916,12.437,12.302,12.271,0.007,0.003,0.004,0.003,0.005
Yan173529+185331,502,0,263.87117,18.89219,12.48,0.368,13.685,12.48,12.112,12.016,12.013,0.004,0.002,0.002,0.004,0.004
BD+2o3375,503,0,264.93814639579716,2.416833682,10.13,0.321,11.016,10.13,9.809,9.686,9.657,0.002,0.001,0.001,0.001,0.002
109_71,504,0,266.02821,-0.41628,11.605,0.13,12.879,11.605,11.475,11.465,11.455,0.003,0.002,0.001,0.001,0.002
109_381,505,0,266.05103,-0.34261,12.061,0.547,13.538,12.061,11.514,11.291,11.197,0.006,0.002,0.002,0.001,0.002
109_231,506,0,266.3330437551912,-0.431200445,10.043,1.218,13.274,10.043,8.825,8.323,8.009,0.016,0.002,0.003,0.002,0.002
109_537,507,0,266.4267636224333,-0.36003781749999997,10.657,0.456,12.106,10.657,10.201,10.01,9.931,0.007,0.003,0.003,0.003,0.004
ugrizJ175925.6-600103,508,0,269.85675,-60.017694,12.832,0.375,14.004,12.832,12.457,12.329,12.297,0.002,0.002,0.001,0.002,0.002
ugrizJ175934.4-600339,509,0,269.893542,-60.061,12.209,0.454,13.673,12.209,11.755,11.617,11.579,0.002,0.002,0.001,0.001,0.002
ugrizJ175945.5-595856,510,0,269.939708,-59.982389,11.042,0.49,12.447,11.042,10.552,10.399,10.345,0.002,0.002,0.002,0.001,0.003
ugrizJ175954.8-600533,511,0,269.978375,-60.092583,12.925,0.569,14.599,12.925,12.356,12.185,12.131,0.005,0.002,0.001,0.002,0.002
ugrizJ175954.8-595843,512,0,269.978458,-59.978694,13.35,0.409,14.564,13.35,12.941,12.796,12.739,0.004,0.006,0.002,0.002,0.002
ugrizJ175958.3-595354,513,0,269.99325,-59.898583,10.429,0.341,11.569,10.429,10.088,9.972,9.96,0.003,0.004,0.005,0.002,0.005
ugrizJ180006.2-600328,514,0,270.025917,-60.058,12.318,0.393,13.579,12.318,11.925,11.808,11.777,0.002,0.002,0.002,0.001,0.002
ugrizJ180013.1-595900,515,0,270.054708,-59.983583,13.573,0.281,14.71,13.573,13.292,13.223,13.212,0.003,0.003,0.002,0.002,0.004
ugrizJ180021.6-600316,516,0,270.090375,-60.0545,12.921,0.352,14.11,12.921,12.569,12.47,12.452,0.003,0.003,0.001,0.001,0.003
ugrizJ180035.5-600428,517,0,270.148167,-60.0745,11.827,0.395,13.165,11.827,11.432,11.323,11.312,0.003,0.004,0.002,0.002,0.003
Hilt733,518,0,274.3471857597721,-11.74916550138889,11.766,0.827,12.868,11.766,10.939,10.529,10.269,0.007,0.003,0.002,0.002,0.003
Hilt760,519,2,275.81839,-13.72387,12.636,1.216,14.301,12.636,11.42,10.912,10.193,0.011,0.003,0.002,0.003,0.006
Ross711,520,0,278.8297679953632,28.69749031327778,11.577,0.282,12.414,11.577,11.295,11.191,11.176,0.005,0.002,0.001,0.002,0.003
110_232,521,0,280.21806,0.03199,12.839,0.552,14.229,12.839,12.287,12.05,11.956,0.005,0.002,0.001,0.002,0.004
110_340,522,0,280.3682776399864,0.2562400933333333,10.104,0.094,11.332,10.104,10.01,10.049,10.102,0.004,0.003,0.003,0.002,0.002
110_355,523,0,280.57861,0.13994,12.488,0.901,14.382,12.488,11.587,11.044,10.624,0.009,0.005,0.004,0.004,0.006
110_361,524,0,280.68746,0.13462,12.702,0.438,13.952,12.702,12.264,12.122,12.09,0.003,0.004,0.002,0.002,0.002
110_266,525,0,280.70304,0.08494,12.456,0.719,14.201,12.456,11.737,11.361,11.167,0.004,0.008,0.001,0.002,0.002
110_496,526,0,280.74682,0.51912,13.529,0.856,15.698,13.529,12.673,12.179,11.865,0.013,0.003,0.003,0.002,0.003
110_499,527,0,280.78192,0.46694,12.226,0.827,14.262,12.226,11.399,10.926,10.594,0.007,0.002,0.002,0.002,0.003
110_503,528,0,280.79846,0.49519,12.085,0.46,13.877,12.085,11.625,11.403,11.287,0.005,0.002,0.002,0.003,0.003
110_506,529,0,280.82843,0.5068,11.557,0.376,12.797,11.557,11.181,11.074,11.059,0.003,0.004,0.001,0.001,0.002
110_507,530,0,280.82945,0.49053,12.997,0.918,15.321,12.997,12.079,11.696,11.472,0.005,0.008,0.001,0.001,0.003
110_441,531,0,280.88996,0.32799,11.351,0.361,12.653,11.351,10.99,10.864,10.827,0.002,0.003,0.001,0.001,0.002
110_450,532,0,280.96422,0.38282,12.041,0.753,14.106,12.041,11.288,10.868,10.588,0.003,0.006,0.001,0.001,0.002
Yan184359+002654,533,0,280.99671,0.44847,11.726,0.536,13.223,11.726,11.19,10.993,10.921,0.004,0.005,0.001,0.001,0.002
38_270,534,0,282.41997,45.15192,11.001,0.089,12.188,11.001,10.912,10.96,11.026,0.003,0.003,0.002,0.002,0.003
38_273,535,0,282.44373,45.22563,11.468,1.011,14.294,11.468,10.457,10.054,9.829,0.004,0.004,0.002,0.002,0.003
ugrizJ185944.4-295518,536,0,284.935292,-29.921889,13.038,0.469,14.335,13.038,12.569,12.412,12.353,0.004,0.003,0.002,0.002,0.003
ugrizJ185951.6-300016,537,0,284.965375,-30.004694,12.404,0.461,13.699,12.404,11.943,11.797,11.749,0.003,0.002,0.002,0.002,0.003
ugrizJ190012.4-295003,538,0,285.052,-29.834194,11.483,0.252,12.621,11.483,11.231,11.168,11.176,0.004,0.003,0.003,0.003,0.003
ugrizJ190025.3-295119,539,0,285.105667,-29.855389,11.426,0.395,12.626,11.426,11.031,10.905,10.874,0.003,0.006,0.003,0.003,0.004
GJ745A,540,0,286.7708856018864,20.886410066666667,11.567,1.408,14.415,11.567,10.159,9.113,8.623,0.004,0.002,0.001,0.002,0.003
GJ745B,541,0,286.8031055775252,20.875010066666665,11.552,1.401,14.391,11.552,10.151,9.102,8.614,0.006,0.002,0.001,0.002,0.002
Yan193102+361143,542,0,292.76207,36.19552,10.549,0.457,11.887,10.549,10.092,9.954,9.919,0.004,0.002,0.002,0.002,0.002
Yan193106+360601,543,0,292.77577,36.10032,12.485,0.1,13.71,12.485,12.385,12.425,12.481,0.009,0.003,0.004,0.003,0.008
BD+35o3659,544,0,292.7884458605438,36.150236260444444,10.422,0.333,11.347,10.422,10.089,9.972,9.95,0.002,0.001,0.001,0.001,0.001
111_775,545,0,294.3179855414659,0.20148205,11.597,1.491,15.362,11.597,10.106,9.409,8.988,0.019,0.004,0.003,0.002,0.003
111_1925,546,0,294.36934,0.41727,12.545,0.2,13.942,12.545,12.345,12.284,12.233,0.011,0.003,0.002,0.005,0.005
ugrizJ195906.4-595345,547,0,299.776917,-59.896,12.179,0.799,14.404,12.179,11.38,11.082,10.933,0.004,0.003,0.001,0.002,0.002
ugrizJ195923.6-594546,548,0,299.848625,-59.762889,13.28,0.443,14.627,13.28,12.837,12.699,12.658,0.003,0.002,0.002,0.001,0.003
ugrizJ195938.2-300520,549,0,299.90925,-30.088889,13.319,0.493,14.657,13.319,12.826,12.643,12.595,0.005,0.004,0.002,0.003,0.003
ugrizJ195943.2-300411,550,0,299.930083,-30.069889,12.14,0.475,13.442,12.14,11.665,11.511,11.465,0.003,0.004,0.004,0.003,0.003
ugrizJ195944.7-595102,551,0,299.9365,-59.850778,12.844,0.421,13.907,12.844,12.423,12.246,12.173,0.002,0.002,0.001,0.002,0.003
ugrizJ195947.9-295518,552,0,299.949958,-29.921694,12.524,0.878,14.748,12.524,11.646,11.268,11.052,0.005,0.002,0.001,0.001,0.003
ugrizJ195950.9-594819,553,0,299.962292,-59.8055,13.678,0.621,15.357,13.678,13.057,12.85,12.752,0.005,0.003,0.001,0.001,0.003
ugrizJ195957.6-295504,554,0,299.990292,-29.917778,13.774,0.429,15.088,13.774,13.345,13.208,13.157,0.005,0.002,0.002,0.001,0.003
ugrizJ200008.4-300401,555,0,300.035292,-30.067,11.93,0.514,13.452,11.93,11.416,11.257,11.204,0.003,0.001,0.003,0.002,0.002
ugrizJ200010.3-300040,556,0,300.042958,-30.011278,13.801,0.472,15.11,13.801,13.329,13.165,13.096,0.003,0.002,0.002,0.002,0.003
ugrizJ200013.7-295900,557,0,300.057167,-29.983583,13.989,0.47,15.192,13.989,13.519,13.345,13.265,0.004,0.003,0.002,0.002,0.003
ugrizJ200032.0-295737,558,0,300.1335,-29.960389,13.249,0.351,14.393,13.249,12.898,12.743,12.695,0.005,0.006,0.006,0.006,0.005
ugrizJ200421.5-450534,559,0,301.089958,-45.092778,11.429,0.277,12.525,11.429,11.152,11.094,11.125,0.003,0.004,0.002,0.002,0.002
E8_48-W,560,0,301.09471,-44.97747,11.115,0.694,13.063,11.115,10.421,10.182,10.065,0.006,0.004,0.002,0.002,0.003
E8_18-P,561,0,301.102333,-45.033194,9.473,0.259,10.549,9.473,9.214,9.159,9.178,0.004,0.003,0.003,0.002,0.003
ugrizJ200647.1-443701,562,0,301.69625,-44.617,13.833,0.289,14.931,13.833,13.544,13.453,13.463,0.004,0.003,0.003,0.004,0.005
ugrizJ200648.7-444251,563,0,301.702917,-44.714389,15.867,0.467,17.204,15.867,15.4,15.249,15.237,0.005,0.004,0.003,0.007,0.008
ugrizJ200654.2-444754,564,0,301.726,-44.7985,11.633,0.298,12.728,11.633,11.335,11.245,11.261,0.004,0.003,0.002,0.003,0.003
E8_p,565,0,301.77029,-44.70728,15.051,0.58,16.728,15.051,14.471,14.304,14.246,0.007,0.004,0.003,0.005,0.006
ugrizJ200712.4-443806,566,0,301.801958,-44.635083,13.944,0.4,15.156,13.944,13.544,13.42,13.393,0.004,0.002,0.002,0.003,0.002
ugrizJ200715.1-443717,567,0,301.813042,-44.6215,12.271,0.447,13.565,12.271,11.824,11.681,11.639,0.004,0.002,0.001,0.001,0.002
ugrizJ200719.8-444656,568,0,301.832625,-44.782389,12.991,0.198,14.03,12.991,12.793,12.755,12.787,0.003,0.003,0.002,0.002,0.003
E8_n,569,0,301.838625,-44.67,14.712,0.403,15.952,14.712,14.309,14.195,14.157,0.005,0.002,0.002,0.002,0.004
E8_h,570,0,301.886292,-44.691389,13.571,0.409,14.746,13.571,13.162,13.024,12.985,0.004,0.002,0.001,0.002,0.002
E8_a,571,0,301.902208,-44.729889,12.357,0.417,13.645,12.357,11.94,11.817,11.785,0.004,0.002,0.001,0.001,0.002
ugrizJ200739.8-443604,572,0,301.915958,-44.601278,12.048,0.364,13.248,12.048,11.684,11.567,11.553,0.004,0.003,0.001,0.002,0.002
ugrizJ200743.6-444626,573,0,301.931833,-44.774083,12.826,0.083,13.926,12.826,12.743,12.772,12.834,0.003,0.003,0.002,0.002,0.003
ugrizJ202225.0-432952,574,0,305.604208,-43.497889,13.315,0.425,14.566,13.315,12.89,12.757,12.724,0.003,0.002,0.002,0.003,0.004
ugrizJ202229.3-432830,575,0,305.622125,-43.475,14.419,0.478,15.733,14.419,13.941,13.782,13.736,0.003,0.003,0.001,0.003,0.003
ugrizJ202234.2-433155,576,0,305.642708,-43.532194,15.323,0.451,16.572,15.323,14.872,14.728,14.702,0.004,0.004,0.005,0.003,0.008
MCT_2019-4339-A,577,0,305.688833,-43.495389,13.273,0.335,14.421,13.273,12.938,12.851,12.847,0.002,0.002,0.001,0.003,0.003
MCT_2019-4339-B,578,0,305.694625,-43.469694,14.22,0.469,15.66,14.22,13.751,13.617,13.578,0.003,0.002,0.001,0.003,0.004
MCT_2019-4339,579,0,305.704333,-43.503194,13.438,-0.476,13.049,13.438,13.914,14.271,14.576,0.003,0.002,0.003,0.004,0.005
ugrizJ202253.6-433604,580,0,305.723625,-43.601194,13.121,0.433,14.508,13.121,12.688,12.551,12.531,0.005,0.007,0.003,0.006,0.005
MCT_2019-4339-C,581,0,305.758833,-43.472889,12.881,0.76,14.979,12.881,12.121,11.871,11.752,0.005,0.002,0.002,0.002,0.004
MCT_2019-4339-F,582,0,305.766542,-43.522694,14.218,0.452,15.522,14.218,13.766,13.627,13.578,0.005,0.003,0.002,0.003,0.003
ugrizJ202306.2-433439,583,0,305.775958,-43.5775,13.06,0.35,14.197,13.06,12.71,12.601,12.595,0.003,0.003,0.002,0.002,0.004
ugrizJ202321.7-432429,584,0,305.84075,-43.408194,12.438,0.437,13.705,12.438,12.001,11.83,11.779,0.005,0.006,0.002,0.004,0.006
Wolf1346,585,0,308.58911556844964,25.06114373252778,11.402,-0.351,11.386,11.402,11.753,12.062,12.353,0.002,0.001,0.001,0.001,0.002
Yan203424+250350,586,0,308.60328,25.06391,12.757,0.344,13.938,12.757,12.413,12.31,12.304,0.004,0.002,0.003,0.003,0.007
Yan204201+000947,587,0,310.50718,0.1633,12.987,0.375,14.25,12.987,12.612,12.5,12.476,0.018,0.002,0.002,0.002,0.002
112_223,588,0,310.56055797928275,0.1497240088888889,11.606,0.27,12.751,11.606,11.336,11.274,11.274,0.005,0.003,0.002,0.002,0.003
112_233,589,0,310.58305,0.19028,12.063,0.339,13.231,12.063,11.724,11.623,11.604,0.01,0.001,0.001,0.001,0.002
112_250,590,0,310.60973,0.12854,12.314,0.352,13.476,12.314,11.962,11.846,11.838,0.007,0.003,0.002,0.002,0.003
112_805,591,0,310.69465,0.26902,12.087,-0.087,13.27,12.087,12.174,12.309,12.399,0.005,0.002,0.003,0.003,0.009
112_822,592,0,310.72866,0.25067,12.028,0.801,14.321,12.028,11.227,10.939,10.785,0.021,0.003,0.003,0.003,0.003
Wolf918,593,1,317.3223051227881,-13.302592502,12.36,1.49,10.9,10.9,10.9,10.9,10.9,0.0,0.0,0.0,0.0,0.0
BD+62o1916,594,0,318.77516391362906,62.84226568313889,9.872,0.54,11.44,9.872,9.332,9.161,9.1,0.004,0.002,0.001,0.001,0.002
ugrizJ213441.9-724401,595,0,323.674833,-72.733694,12.584,0.39,13.838,12.584,12.194,12.079,12.046,0.005,0.002,0.002,0.002,0.002
JL_82-C,596,0,323.937542,-72.836889,13.7,0.434,14.92,13.7,13.266,13.124,13.079,0.004,0.002,0.001,0.004,0.002
JL_82-B,597,0,323.99725,-72.837583,13.813,0.52,15.158,13.813,13.293,13.099,13.014,0.005,0.002,0.002,0.003,0.003
113_440,598,0,325.14347,0.69634,12.064,0.428,13.452,12.064,11.636,11.512,11.485,0.005,0.002,0.002,0.002,0.005
113_221,599,0,325.15215,0.35088,12.553,0.797,14.815,12.553,11.756,11.48,11.34,0.007,0.002,0.002,0.002,0.002
113_339,600,0,325.2319,0.46652,12.492,0.389,13.641,12.492,12.103,11.976,11.941,0.004,0.002,0.001,0.001,0.003
113_233,601,0,325.24674,0.36773,12.641,0.38,13.846,12.641,12.261,12.15,12.122,0.006,0.003,0.005,0.003,0.004
113_342,602,0,325.24927,0.46051,11.347,0.765,13.436,11.347,10.582,10.286,10.133,0.003,0.001,0.001,0.002,0.002
113_239,603,0,325.27858,0.37645,13.265,0.34,14.402,13.265,12.925,12.813,12.785,0.006,0.004,0.003,0.003,0.006
113_459,604,0,325.3123,0.71789,12.351,0.332,13.49,12.351,12.019,11.922,11.91,0.007,0.001,0.003,0.002,0.003
113_250,605,0,325.35244,0.34514,13.379,0.328,14.502,13.379,13.051,12.94,12.923,0.007,0.003,0.003,0.004,0.006
113_466,606,0,325.36392,0.67091,10.183,0.275,11.308,10.183,9.908,9.835,9.84,0.003,0.001,0.002,0.001,0.002
113_259,607,0,325.43677,0.29442,12.309,0.933,15.014,12.309,11.376,11.04,10.847,0.011,0.002,0.002,0.002,0.003
113_260,608,0,325.4502,0.39799,12.615,0.331,13.832,12.615,12.284,12.204,12.189,0.006,0.002,0.002,0.002,0.005
113_475,609,0,325.4637437399971,0.6557264933333334,10.796,0.817,13.051,10.796,9.979,9.661,9.495,0.008,0.001,0.001,0.001,0.002
113_366,610,0,325.47311,0.48965,14.033,0.889,16.292,14.033,13.144,12.774,12.568,0.027,0.004,0.003,0.003,0.004
113_372,611,0,325.50804,0.47737,13.976,0.484,15.282,13.976,13.492,13.323,13.262,0.015,0.003,0.004,0.004,0.008
BD+28o4211,612,0,327.7957442750419,28.863837605555556,10.239,-0.511,9.722,10.239,10.75,11.129,11.442,0.003,0.003,0.003,0.002,0.002
G93-48,613,0,328.10575351911905,2.387164230222222,12.653,-0.308,12.76,12.653,12.961,13.268,13.529,0.005,0.004,0.004,0.002,0.012
41_654,614,1,328.4692903436226,45.55212674666667,10.65,0.6,10.04,10.04,10.04,10.04,10.04,0.0,0.0,0.0,0.0,0.0
41_182,615,1,328.55251571294934,45.24330501027778,10.3,0.37,9.93,9.93,9.93,9.93,9.93,0.0,0.0,0.0,0.0,0.0
41_204,616,1,328.63172,45.23075,12.28,1.2,11.09,11.09,11.09,11.09,11.09,0.0,0.0,0.0,0.0,0.0
BD+25o4655,617,0,329.92471242932197,26.432416328888888,9.45,-0.479,9.023,9.45,9.929,10.304,10.632,0.003,0.002,0.002,0.002,0.003
ugrizJ220054.9-600257,618,0,330.228792,-60.049278,13.234,0.436,14.597,13.234,12.798,12.663,12.638,0.004,0.005,0.003,0.003,0.005
ugrizJ220057.5-300039,619,0,330.239667,-30.011083,13.117,0.283,14.226,13.117,12.834,12.772,12.78,0.004,0.002,0.002,0.003,0.003
ugrizJ220110.6-300511,620,0,330.294292,-30.086583,13.072,0.379,14.301,13.072,12.693,12.581,12.575,0.005,0.003,0.002,0.003,0.004
Hilt1089,621,0,332.36109,57.86342,11.191,0.552,12.703,11.191,10.639,10.45,10.377,0.004,0.001,0.001,0.001,0.002
BD+17o4708,622,0,332.8831597075706,18.09309997288889,9.64,0.29,10.56,9.64,9.35,9.25,9.23,0.001,0.001,0.001,0.001,0.001
BD-11o5781,623,0,333.2958883012362,-11.177979763666666,9.898,0.72,11.864,9.898,9.178,8.942,8.812,0.007,0.005,0.004,0.003,0.004
114_531,624,0,340.15317,0.86539,12.42,0.54,13.839,12.42,11.88,11.693,11.613,0.01,0.002,0.002,0.002,0.004
114_654,625,0,340.35894,1.16971,12.121,0.449,13.519,12.121,11.672,11.535,11.495,0.004,0.001,0.001,0.001,0.002
114_656,626,0,340.39602,1.18599,13.082,0.756,15.043,13.082,12.326,12.033,11.877,0.008,0.002,0.001,0.002,0.004
114_548,627,0,340.40338,0.98491,12.255,1.12,15.401,12.255,11.135,10.693,10.441,0.009,0.002,0.003,0.001,0.003
114_750,628,0,340.43651,1.21019,11.809,-0.212,12.357,11.809,12.021,12.251,12.414,0.005,0.002,0.002,0.002,0.003
E9_28-V,629,0,341.15196,-44.61094,10.853,0.797,13.118,10.853,10.056,9.773,9.633,0.007,0.006,0.003,0.002,0.004
G27-45,630,0,341.23788551682685,-2.354791598,11.785,0.503,12.896,11.785,11.282,11.089,11.008,0.003,0.002,0.002,0.002,0.002
E9_47-U,631,0,341.27604,-44.647,10.923,0.381,12.138,10.923,10.542,10.43,10.409,0.009,0.004,0.004,0.003,0.004
E9_q,632,0,341.357,-44.46319,15.513,0.502,16.936,15.513,15.011,14.865,14.804,0.014,0.004,0.005,0.003,0.006
E9_n,633,0,341.378583,-44.495278,14.963,0.38,16.065,14.963,14.583,14.46,14.435,0.004,0.002,0.003,0.002,0.005
ugrizJ224538.2-442831,634,0,341.409542,-44.475389,13.774,0.479,15.102,13.774,13.295,13.127,13.06,0.004,0.002,0.001,0.001,0.002
E9_s,635,0,341.42587,-44.41147,15.785,0.353,16.811,15.785,15.432,15.31,15.265,0.013,0.003,0.004,0.004,0.011
E9_k,636,0,341.43571,-44.50606,14.194,0.363,15.271,14.194,13.831,13.716,13.688,0.01,0.002,0.001,0.002,0.002
ugrizJ224551.6-442534,637,0,341.465167,-44.426278,14.306,0.673,16.241,14.306,13.633,13.426,13.329,0.005,0.004,0.002,0.002,0.003
Ross786,638,0,347.38592412486685,0.7053584805555556,10.246,0.54,11.467,10.246,9.706,9.482,9.389,0.005,0.004,0.003,0.003,0.003
GD246,639,0,348.0896,10.78467,12.842,-0.504,12.351,12.842,13.346,13.724,14.091,0.004,0.002,0.001,0.003,0.005
BD+38o4955,640,0,348.41254421085154,39.41608983194445,11.315,0.515,12.353,11.315,10.8,10.58,10.484,0.005,0.001,0.001,0.001,0.002
Feige108,641,1,349.0517325360343,-1.8432187152777777,12.736,-0.237,12.973,12.973,12.973,12.973,12.973,0.0,0.0,0.0,0.0,0.0
LTT9491,642,1,349.8977442843753,-17.0916,14.132,0.021,14.111,14.111,14.111,14.111,14.111,0.0,0.0,0.0,0.0,0.0
BD+33o4737,643,0,353.6529984663224,34.040311834444445,9.412,0.572,11.065,9.412,8.84,8.663,8.601,0.003,0.002,0.002,0.002,0.002
PG2336+004B,644,0,354.6595,0.71318,12.648,0.336,13.749,12.648,12.312,12.212,12.198,0.006,0.003,0.001,0.002,0.005
115_420,645,0,355.65191,1.0993495069444446,11.353,0.29,12.444,11.353,11.063,10.983,10.976,0.004,0.002,0.002,0.001,0.003
115_516,646,0,356.06452596297066,1.2367782458333334,10.914,0.807,13.081,10.914,10.107,9.79,9.618,0.009,0.003,0.002,0.002,0.004
115_451,647,0,356.14688,1.20349,12.571,0.298,13.678,12.571,12.273,12.17,12.169,0.009,0.003,0.006,0.006,0.008
LHS-0550,648,0,357.30688171281395,2.3964724594444444,9.721,1.313,12.356,9.721,8.408,7.504,7.06,0.005,0.005,0.004,0.009,0.005
PG2349+002,649,1,357.97170472350143,0.47143902222222217,13.09,-0.2,13.28,13.28,13.28,13.28,13.28,0.0,0.0,0.0,0.0,0.0
